Iteracion,Par,Parametro,Covariable,Criterio,Par1,LRT,BICc
1,Cl_ANTU,Cl,ANTU,0,22,NA,NA
1,Cl_LLP,Cl,LLP,0,42,NA,NA
1,Cl_LMP,Cl,LMP,0,58,NA,NA
1,Cl_SEXF,Cl,SEXF,0,59,NA,NA
1,Cl_logtAGEA,Cl,logtAGEA,0,23,NA,NA
1,Cl_logtALBGDL,Cl,logtALBGDL,0,52,NA,NA
1,Cl_logtCLCRMLMIN,Cl,logtCLCRMLMIN,0,13,NA,NA
1,Cl_logtHCM,Cl,logtHCM,0,40,NA,NA
1,Cl_logtIMCKGM2,Cl,logtIMCKGM2,0,24,NA,NA
1,Cl_logtPROGDL,Cl,logtPROGDL,0,10,NA,NA
1,Cl_logtRAL,Cl,logtRAL,0,49,NA,NA
1,Cl_logtRAN,Cl,logtRAN,0,17,NA,NA
1,Cl_logtSCM2,Cl,logtSCM2,0,32,NA,NA
1,Cl_logtWTKG,Cl,logtWTKG,0,8,NA,NA
1,Cl_tSCRMGDL,Cl,tSCRMGDL,1,9,NA,NA
1,V1_ANTU,V1,ANTU,0,50,NA,NA
1,V1_LLP,V1,LLP,0,45,NA,NA
1,V1_LMP,V1,LMP,0,12,NA,NA
1,V1_SEXF,V1,SEXF,0,20,NA,NA
1,V1_logtAGEA,V1,logtAGEA,0,16,NA,NA
1,V1_logtALBGDL,V1,logtALBGDL,0,57,NA,NA
1,V1_logtCLCRMLMIN,V1,logtCLCRMLMIN,0,30,NA,NA
1,V1_logtHCM,V1,logtHCM,0,33,NA,NA
1,V1_logtIMCKGM2,V1,logtIMCKGM2,0,15,NA,NA
1,V1_logtPROGDL,V1,logtPROGDL,0,19,NA,NA
1,V1_logtRAL,V1,logtRAL,0,36,NA,NA
1,V1_logtRAN,V1,logtRAN,0,34,NA,NA
1,V1_logtSCM2,V1,logtSCM2,0,35,NA,NA
1,V1_logtWTKG,V1,logtWTKG,0,54,NA,NA
1,V1_tSCRMGDL,V1,tSCRMGDL,0,5,NA,NA
1,Q_ANTU,Q,ANTU,0,51,NA,NA
1,Q_LLP,Q,LLP,0,48,NA,NA
1,Q_LMP,Q,LMP,0,14,NA,NA
1,Q_SEXF,Q,SEXF,0,38,NA,NA
1,Q_logtAGEA,Q,logtAGEA,0,4,NA,NA
1,Q_logtALBGDL,Q,logtALBGDL,0,56,NA,NA
1,Q_logtCLCRMLMIN,Q,logtCLCRMLMIN,0,26,NA,NA
1,Q_logtHCM,Q,logtHCM,0,43,NA,NA
1,Q_logtIMCKGM2,Q,logtIMCKGM2,0,7,NA,NA
1,Q_logtPROGDL,Q,logtPROGDL,0,25,NA,NA
1,Q_logtRAL,Q,logtRAL,0,27,NA,NA
1,Q_logtRAN,Q,logtRAN,0,46,NA,NA
1,Q_logtSCM2,Q,logtSCM2,0,6,NA,NA
1,Q_logtWTKG,Q,logtWTKG,0,39,NA,NA
1,Q_tSCRMGDL,Q,tSCRMGDL,0,37,NA,NA
1,V2_ANTU,V2,ANTU,0,55,NA,NA
1,V2_LLP,V2,LLP,0,53,NA,NA
1,V2_LMP,V2,LMP,0,21,NA,NA
1,V2_SEXF,V2,SEXF,0,2,NA,NA
1,V2_logtAGEA,V2,logtAGEA,0,60,NA,NA
1,V2_logtALBGDL,V2,logtALBGDL,0,31,NA,NA
1,V2_logtCLCRMLMIN,V2,logtCLCRMLMIN,0,29,NA,NA
1,V2_logtHCM,V2,logtHCM,0,18,NA,NA
1,V2_logtIMCKGM2,V2,logtIMCKGM2,0,44,NA,NA
1,V2_logtPROGDL,V2,logtPROGDL,0,41,NA,NA
1,V2_logtRAL,V2,logtRAL,0,11,NA,NA
1,V2_logtRAN,V2,logtRAN,0,28,NA,NA
1,V2_logtSCM2,V2,logtSCM2,0,47,NA,NA
1,V2_logtWTKG,V2,logtWTKG,0,1,NA,NA
1,V2_tSCRMGDL,V2,tSCRMGDL,0,3,NA,NA
2,Cl_ANTU,Cl,ANTU,0,22,503,541.74
2,Cl_LLP,Cl,LLP,0,42,503,541.74
2,Cl_LMP,Cl,LMP,0,58,503,541.74
2,Cl_SEXF,Cl,SEXF,0,59,503,541.74
2,Cl_logtAGEA,Cl,logtAGEA,0,23,503,541.74
2,Cl_logtALBGDL,Cl,logtALBGDL,0,52,503,541.74
2,Cl_logtCLCRMLMIN,Cl,logtCLCRMLMIN,0,13,503,541.74
2,Cl_logtHCM,Cl,logtHCM,0,40,503,541.74
2,Cl_logtIMCKGM2,Cl,logtIMCKGM2,0,24,503,541.74
2,Cl_logtPROGDL,Cl,logtPROGDL,0,10,503,541.74
2,Cl_logtRAL,Cl,logtRAL,0,49,503,541.74
2,Cl_logtRAN,Cl,logtRAN,0,17,503,541.74
2,Cl_logtSCM2,Cl,logtSCM2,0,32,503,541.74
2,Cl_logtWTKG,Cl,logtWTKG,0,8,503,541.74
2,Cl_tSCRMGDL,Cl,tSCRMGDL,1,9,503,541.74
2,V1_ANTU,V1,ANTU,0,50,503,541.74
2,V1_LLP,V1,LLP,0,45,503,541.74
2,V1_LMP,V1,LMP,0,12,503,541.74
2,V1_SEXF,V1,SEXF,0,20,503,541.74
2,V1_logtAGEA,V1,logtAGEA,0,16,503,541.74
2,V1_logtALBGDL,V1,logtALBGDL,0,57,503,541.74
2,V1_logtCLCRMLMIN,V1,logtCLCRMLMIN,0,30,503,541.74
2,V1_logtHCM,V1,logtHCM,0,33,503,541.74
2,V1_logtIMCKGM2,V1,logtIMCKGM2,0,15,503,541.74
2,V1_logtPROGDL,V1,logtPROGDL,1,19,503,541.74
2,V1_logtRAL,V1,logtRAL,0,36,503,541.74
2,V1_logtRAN,V1,logtRAN,0,34,503,541.74
2,V1_logtSCM2,V1,logtSCM2,0,35,503,541.74
2,V1_logtWTKG,V1,logtWTKG,0,54,503,541.74
2,V1_tSCRMGDL,V1,tSCRMGDL,0,5,503,541.74
2,Q_ANTU,Q,ANTU,0,51,503,541.74
2,Q_LLP,Q,LLP,0,48,503,541.74
2,Q_LMP,Q,LMP,0,14,503,541.74
2,Q_SEXF,Q,SEXF,0,38,503,541.74
2,Q_logtAGEA,Q,logtAGEA,0,4,503,541.74
2,Q_logtALBGDL,Q,logtALBGDL,0,56,503,541.74
2,Q_logtCLCRMLMIN,Q,logtCLCRMLMIN,0,26,503,541.74
2,Q_logtHCM,Q,logtHCM,0,43,503,541.74
2,Q_logtIMCKGM2,Q,logtIMCKGM2,0,7,503,541.74
2,Q_logtPROGDL,Q,logtPROGDL,0,25,503,541.74
2,Q_logtRAL,Q,logtRAL,0,27,503,541.74
2,Q_logtRAN,Q,logtRAN,0,46,503,541.74
2,Q_logtSCM2,Q,logtSCM2,0,6,503,541.74
2,Q_logtWTKG,Q,logtWTKG,0,39,503,541.74
2,Q_tSCRMGDL,Q,tSCRMGDL,0,37,503,541.74
2,V2_ANTU,V2,ANTU,0,55,503,541.74
2,V2_LLP,V2,LLP,0,53,503,541.74
2,V2_LMP,V2,LMP,0,21,503,541.74
2,V2_SEXF,V2,SEXF,0,2,503,541.74
2,V2_logtAGEA,V2,logtAGEA,0,60,503,541.74
2,V2_logtALBGDL,V2,logtALBGDL,0,31,503,541.74
2,V2_logtCLCRMLMIN,V2,logtCLCRMLMIN,0,29,503,541.74
2,V2_logtHCM,V2,logtHCM,0,18,503,541.74
2,V2_logtIMCKGM2,V2,logtIMCKGM2,0,44,503,541.74
2,V2_logtPROGDL,V2,logtPROGDL,0,41,503,541.74
2,V2_logtRAL,V2,logtRAL,0,11,503,541.74
2,V2_logtRAN,V2,logtRAN,0,28,503,541.74
2,V2_logtSCM2,V2,logtSCM2,0,47,503,541.74
2,V2_logtWTKG,V2,logtWTKG,0,1,503,541.74
2,V2_tSCRMGDL,V2,tSCRMGDL,0,3,503,541.74
3,Cl_ANTU,Cl,ANTU,0,22,498.03,539.49
3,Cl_LLP,Cl,LLP,0,42,498.03,539.49
3,Cl_LMP,Cl,LMP,0,58,498.03,539.49
3,Cl_SEXF,Cl,SEXF,0,59,498.03,539.49
3,Cl_logtAGEA,Cl,logtAGEA,0,23,498.03,539.49
3,Cl_logtALBGDL,Cl,logtALBGDL,0,52,498.03,539.49
3,Cl_logtCLCRMLMIN,Cl,logtCLCRMLMIN,0,13,498.03,539.49
3,Cl_logtHCM,Cl,logtHCM,0,40,498.03,539.49
3,Cl_logtIMCKGM2,Cl,logtIMCKGM2,0,24,498.03,539.49
3,Cl_logtPROGDL,Cl,logtPROGDL,0,10,498.03,539.49
3,Cl_logtRAL,Cl,logtRAL,0,49,498.03,539.49
3,Cl_logtRAN,Cl,logtRAN,0,17,498.03,539.49
3,Cl_logtSCM2,Cl,logtSCM2,0,32,498.03,539.49
3,Cl_logtWTKG,Cl,logtWTKG,1,8,498.03,539.49
3,Cl_tSCRMGDL,Cl,tSCRMGDL,1,9,498.03,539.49
3,V1_ANTU,V1,ANTU,0,50,498.03,539.49
3,V1_LLP,V1,LLP,0,45,498.03,539.49
3,V1_LMP,V1,LMP,0,12,498.03,539.49
3,V1_SEXF,V1,SEXF,0,20,498.03,539.49
3,V1_logtAGEA,V1,logtAGEA,0,16,498.03,539.49
3,V1_logtALBGDL,V1,logtALBGDL,0,57,498.03,539.49
3,V1_logtCLCRMLMIN,V1,logtCLCRMLMIN,0,30,498.03,539.49
3,V1_logtHCM,V1,logtHCM,0,33,498.03,539.49
3,V1_logtIMCKGM2,V1,logtIMCKGM2,0,15,498.03,539.49
3,V1_logtPROGDL,V1,logtPROGDL,1,19,498.03,539.49
3,V1_logtRAL,V1,logtRAL,0,36,498.03,539.49
3,V1_logtRAN,V1,logtRAN,0,34,498.03,539.49
3,V1_logtSCM2,V1,logtSCM2,0,35,498.03,539.49
3,V1_logtWTKG,V1,logtWTKG,0,54,498.03,539.49
3,V1_tSCRMGDL,V1,tSCRMGDL,0,5,498.03,539.49
3,Q_ANTU,Q,ANTU,0,51,498.03,539.49
3,Q_LLP,Q,LLP,0,48,498.03,539.49
3,Q_LMP,Q,LMP,0,14,498.03,539.49
3,Q_SEXF,Q,SEXF,0,38,498.03,539.49
3,Q_logtAGEA,Q,logtAGEA,0,4,498.03,539.49
3,Q_logtALBGDL,Q,logtALBGDL,0,56,498.03,539.49
3,Q_logtCLCRMLMIN,Q,logtCLCRMLMIN,0,26,498.03,539.49
3,Q_logtHCM,Q,logtHCM,0,43,498.03,539.49
3,Q_logtIMCKGM2,Q,logtIMCKGM2,0,7,498.03,539.49
3,Q_logtPROGDL,Q,logtPROGDL,0,25,498.03,539.49
3,Q_logtRAL,Q,logtRAL,0,27,498.03,539.49
3,Q_logtRAN,Q,logtRAN,0,46,498.03,539.49
3,Q_logtSCM2,Q,logtSCM2,0,6,498.03,539.49
3,Q_logtWTKG,Q,logtWTKG,0,39,498.03,539.49
3,Q_tSCRMGDL,Q,tSCRMGDL,0,37,498.03,539.49
3,V2_ANTU,V2,ANTU,0,55,498.03,539.49
3,V2_LLP,V2,LLP,0,53,498.03,539.49
3,V2_LMP,V2,LMP,0,21,498.03,539.49
3,V2_SEXF,V2,SEXF,0,2,498.03,539.49
3,V2_logtAGEA,V2,logtAGEA,0,60,498.03,539.49
3,V2_logtALBGDL,V2,logtALBGDL,0,31,498.03,539.49
3,V2_logtCLCRMLMIN,V2,logtCLCRMLMIN,0,29,498.03,539.49
3,V2_logtHCM,V2,logtHCM,0,18,498.03,539.49
3,V2_logtIMCKGM2,V2,logtIMCKGM2,0,44,498.03,539.49
3,V2_logtPROGDL,V2,logtPROGDL,0,41,498.03,539.49
3,V2_logtRAL,V2,logtRAL,0,11,498.03,539.49
3,V2_logtRAN,V2,logtRAN,0,28,498.03,539.49
3,V2_logtSCM2,V2,logtSCM2,0,47,498.03,539.49
3,V2_logtWTKG,V2,logtWTKG,0,1,498.03,539.49
3,V2_tSCRMGDL,V2,tSCRMGDL,0,3,498.03,539.49
4,Cl_ANTU,Cl,ANTU,0,22,491.96,536.12
4,Cl_LLP,Cl,LLP,0,42,491.96,536.12
4,Cl_LMP,Cl,LMP,0,58,491.96,536.12
4,Cl_SEXF,Cl,SEXF,0,59,491.96,536.12
4,Cl_logtAGEA,Cl,logtAGEA,0,23,491.96,536.12
4,Cl_logtALBGDL,Cl,logtALBGDL,0,52,491.96,536.12
4,Cl_logtCLCRMLMIN,Cl,logtCLCRMLMIN,0,13,491.96,536.12
4,Cl_logtHCM,Cl,logtHCM,0,40,491.96,536.12
4,Cl_logtIMCKGM2,Cl,logtIMCKGM2,0,24,491.96,536.12
4,Cl_logtPROGDL,Cl,logtPROGDL,0,10,491.96,536.12
4,Cl_logtRAL,Cl,logtRAL,0,49,491.96,536.12
4,Cl_logtRAN,Cl,logtRAN,0,17,491.96,536.12
4,Cl_logtSCM2,Cl,logtSCM2,0,32,491.96,536.12
4,Cl_logtWTKG,Cl,logtWTKG,1,8,491.96,536.12
4,Cl_tSCRMGDL,Cl,tSCRMGDL,1,9,491.96,536.12
4,V1_ANTU,V1,ANTU,0,50,491.96,536.12
4,V1_LLP,V1,LLP,0,45,491.96,536.12
4,V1_LMP,V1,LMP,0,12,491.96,536.12
4,V1_SEXF,V1,SEXF,0,20,491.96,536.12
4,V1_logtAGEA,V1,logtAGEA,0,16,491.96,536.12
4,V1_logtALBGDL,V1,logtALBGDL,0,57,491.96,536.12
4,V1_logtCLCRMLMIN,V1,logtCLCRMLMIN,0,30,491.96,536.12
4,V1_logtHCM,V1,logtHCM,0,33,491.96,536.12
4,V1_logtIMCKGM2,V1,logtIMCKGM2,0,15,491.96,536.12
4,V1_logtPROGDL,V1,logtPROGDL,1,19,491.96,536.12
4,V1_logtRAL,V1,logtRAL,0,36,491.96,536.12
4,V1_logtRAN,V1,logtRAN,0,34,491.96,536.12
4,V1_logtSCM2,V1,logtSCM2,0,35,491.96,536.12
4,V1_logtWTKG,V1,logtWTKG,0,54,491.96,536.12
4,V1_tSCRMGDL,V1,tSCRMGDL,0,5,491.96,536.12
4,Q_ANTU,Q,ANTU,0,51,491.96,536.12
4,Q_LLP,Q,LLP,0,48,491.96,536.12
4,Q_LMP,Q,LMP,0,14,491.96,536.12
4,Q_SEXF,Q,SEXF,0,38,491.96,536.12
4,Q_logtAGEA,Q,logtAGEA,0,4,491.96,536.12
4,Q_logtALBGDL,Q,logtALBGDL,0,56,491.96,536.12
4,Q_logtCLCRMLMIN,Q,logtCLCRMLMIN,0,26,491.96,536.12
4,Q_logtHCM,Q,logtHCM,0,43,491.96,536.12
4,Q_logtIMCKGM2,Q,logtIMCKGM2,0,7,491.96,536.12
4,Q_logtPROGDL,Q,logtPROGDL,0,25,491.96,536.12
4,Q_logtRAL,Q,logtRAL,0,27,491.96,536.12
4,Q_logtRAN,Q,logtRAN,0,46,491.96,536.12
4,Q_logtSCM2,Q,logtSCM2,0,6,491.96,536.12
4,Q_logtWTKG,Q,logtWTKG,0,39,491.96,536.12
4,Q_tSCRMGDL,Q,tSCRMGDL,0,37,491.96,536.12
4,V2_ANTU,V2,ANTU,0,55,491.96,536.12
4,V2_LLP,V2,LLP,0,53,491.96,536.12
4,V2_LMP,V2,LMP,0,21,491.96,536.12
4,V2_SEXF,V2,SEXF,1,2,491.96,536.12
4,V2_logtAGEA,V2,logtAGEA,0,60,491.96,536.12
4,V2_logtALBGDL,V2,logtALBGDL,0,31,491.96,536.12
4,V2_logtCLCRMLMIN,V2,logtCLCRMLMIN,0,29,491.96,536.12
4,V2_logtHCM,V2,logtHCM,0,18,491.96,536.12
4,V2_logtIMCKGM2,V2,logtIMCKGM2,0,44,491.96,536.12
4,V2_logtPROGDL,V2,logtPROGDL,0,41,491.96,536.12
4,V2_logtRAL,V2,logtRAL,0,11,491.96,536.12
4,V2_logtRAN,V2,logtRAN,0,28,491.96,536.12
4,V2_logtSCM2,V2,logtSCM2,0,47,491.96,536.12
4,V2_logtWTKG,V2,logtWTKG,0,1,491.96,536.12
4,V2_tSCRMGDL,V2,tSCRMGDL,0,3,491.96,536.12
5,Cl_ANTU,Cl,ANTU,0,22,496.98,538.43
5,Cl_LLP,Cl,LLP,0,42,496.98,538.43
5,Cl_LMP,Cl,LMP,0,58,496.98,538.43
5,Cl_SEXF,Cl,SEXF,0,59,496.98,538.43
5,Cl_logtAGEA,Cl,logtAGEA,0,23,496.98,538.43
5,Cl_logtALBGDL,Cl,logtALBGDL,0,52,496.98,538.43
5,Cl_logtCLCRMLMIN,Cl,logtCLCRMLMIN,0,13,496.98,538.43
5,Cl_logtHCM,Cl,logtHCM,0,40,496.98,538.43
5,Cl_logtIMCKGM2,Cl,logtIMCKGM2,0,24,496.98,538.43
5,Cl_logtPROGDL,Cl,logtPROGDL,0,10,496.98,538.43
5,Cl_logtRAL,Cl,logtRAL,0,49,496.98,538.43
5,Cl_logtRAN,Cl,logtRAN,0,17,496.98,538.43
5,Cl_logtSCM2,Cl,logtSCM2,0,32,496.98,538.43
5,Cl_logtWTKG,Cl,logtWTKG,0,8,496.98,538.43
5,Cl_tSCRMGDL,Cl,tSCRMGDL,1,9,496.98,538.43
5,V1_ANTU,V1,ANTU,0,50,496.98,538.43
5,V1_LLP,V1,LLP,0,45,496.98,538.43
5,V1_LMP,V1,LMP,0,12,496.98,538.43
5,V1_SEXF,V1,SEXF,0,20,496.98,538.43
5,V1_logtAGEA,V1,logtAGEA,0,16,496.98,538.43
5,V1_logtALBGDL,V1,logtALBGDL,0,57,496.98,538.43
5,V1_logtCLCRMLMIN,V1,logtCLCRMLMIN,0,30,496.98,538.43
5,V1_logtHCM,V1,logtHCM,0,33,496.98,538.43
5,V1_logtIMCKGM2,V1,logtIMCKGM2,0,15,496.98,538.43
5,V1_logtPROGDL,V1,logtPROGDL,1,19,496.98,538.43
5,V1_logtRAL,V1,logtRAL,0,36,496.98,538.43
5,V1_logtRAN,V1,logtRAN,0,34,496.98,538.43
5,V1_logtSCM2,V1,logtSCM2,0,35,496.98,538.43
5,V1_logtWTKG,V1,logtWTKG,0,54,496.98,538.43
5,V1_tSCRMGDL,V1,tSCRMGDL,0,5,496.98,538.43
5,Q_ANTU,Q,ANTU,0,51,496.98,538.43
5,Q_LLP,Q,LLP,0,48,496.98,538.43
5,Q_LMP,Q,LMP,0,14,496.98,538.43
5,Q_SEXF,Q,SEXF,0,38,496.98,538.43
5,Q_logtAGEA,Q,logtAGEA,0,4,496.98,538.43
5,Q_logtALBGDL,Q,logtALBGDL,0,56,496.98,538.43
5,Q_logtCLCRMLMIN,Q,logtCLCRMLMIN,0,26,496.98,538.43
5,Q_logtHCM,Q,logtHCM,0,43,496.98,538.43
5,Q_logtIMCKGM2,Q,logtIMCKGM2,0,7,496.98,538.43
5,Q_logtPROGDL,Q,logtPROGDL,0,25,496.98,538.43
5,Q_logtRAL,Q,logtRAL,0,27,496.98,538.43
5,Q_logtRAN,Q,logtRAN,0,46,496.98,538.43
5,Q_logtSCM2,Q,logtSCM2,0,6,496.98,538.43
5,Q_logtWTKG,Q,logtWTKG,0,39,496.98,538.43
5,Q_tSCRMGDL,Q,tSCRMGDL,0,37,496.98,538.43
5,V2_ANTU,V2,ANTU,0,55,496.98,538.43
5,V2_LLP,V2,LLP,0,53,496.98,538.43
5,V2_LMP,V2,LMP,0,21,496.98,538.43
5,V2_SEXF,V2,SEXF,1,2,496.98,538.43
5,V2_logtAGEA,V2,logtAGEA,0,60,496.98,538.43
5,V2_logtALBGDL,V2,logtALBGDL,0,31,496.98,538.43
5,V2_logtCLCRMLMIN,V2,logtCLCRMLMIN,0,29,496.98,538.43
5,V2_logtHCM,V2,logtHCM,0,18,496.98,538.43
5,V2_logtIMCKGM2,V2,logtIMCKGM2,0,44,496.98,538.43
5,V2_logtPROGDL,V2,logtPROGDL,0,41,496.98,538.43
5,V2_logtRAL,V2,logtRAL,0,11,496.98,538.43
5,V2_logtRAN,V2,logtRAN,0,28,496.98,538.43
5,V2_logtSCM2,V2,logtSCM2,0,47,496.98,538.43
5,V2_logtWTKG,V2,logtWTKG,0,1,496.98,538.43
5,V2_tSCRMGDL,V2,tSCRMGDL,0,3,496.98,538.43
6,Cl_ANTU,Cl,ANTU,0,22,486.6,533.48
6,Cl_LLP,Cl,LLP,0,42,486.6,533.48
6,Cl_LMP,Cl,LMP,0,58,486.6,533.48
6,Cl_SEXF,Cl,SEXF,0,59,486.6,533.48
6,Cl_logtAGEA,Cl,logtAGEA,0,23,486.6,533.48
6,Cl_logtALBGDL,Cl,logtALBGDL,0,52,486.6,533.48
6,Cl_logtCLCRMLMIN,Cl,logtCLCRMLMIN,0,13,486.6,533.48
6,Cl_logtHCM,Cl,logtHCM,0,40,486.6,533.48
6,Cl_logtIMCKGM2,Cl,logtIMCKGM2,0,24,486.6,533.48
6,Cl_logtPROGDL,Cl,logtPROGDL,0,10,486.6,533.48
6,Cl_logtRAL,Cl,logtRAL,0,49,486.6,533.48
6,Cl_logtRAN,Cl,logtRAN,0,17,486.6,533.48
6,Cl_logtSCM2,Cl,logtSCM2,0,32,486.6,533.48
6,Cl_logtWTKG,Cl,logtWTKG,1,8,486.6,533.48
6,Cl_tSCRMGDL,Cl,tSCRMGDL,1,9,486.6,533.48
6,V1_ANTU,V1,ANTU,0,50,486.6,533.48
6,V1_LLP,V1,LLP,0,45,486.6,533.48
6,V1_LMP,V1,LMP,0,12,486.6,533.48
6,V1_SEXF,V1,SEXF,0,20,486.6,533.48
6,V1_logtAGEA,V1,logtAGEA,0,16,486.6,533.48
6,V1_logtALBGDL,V1,logtALBGDL,0,57,486.6,533.48
6,V1_logtCLCRMLMIN,V1,logtCLCRMLMIN,0,30,486.6,533.48
6,V1_logtHCM,V1,logtHCM,0,33,486.6,533.48
6,V1_logtIMCKGM2,V1,logtIMCKGM2,0,15,486.6,533.48
6,V1_logtPROGDL,V1,logtPROGDL,1,19,486.6,533.48
6,V1_logtRAL,V1,logtRAL,0,36,486.6,533.48
6,V1_logtRAN,V1,logtRAN,0,34,486.6,533.48
6,V1_logtSCM2,V1,logtSCM2,0,35,486.6,533.48
6,V1_logtWTKG,V1,logtWTKG,0,54,486.6,533.48
6,V1_tSCRMGDL,V1,tSCRMGDL,1,5,486.6,533.48
6,Q_ANTU,Q,ANTU,0,51,486.6,533.48
6,Q_LLP,Q,LLP,0,48,486.6,533.48
6,Q_LMP,Q,LMP,0,14,486.6,533.48
6,Q_SEXF,Q,SEXF,0,38,486.6,533.48
6,Q_logtAGEA,Q,logtAGEA,0,4,486.6,533.48
6,Q_logtALBGDL,Q,logtALBGDL,0,56,486.6,533.48
6,Q_logtCLCRMLMIN,Q,logtCLCRMLMIN,0,26,486.6,533.48
6,Q_logtHCM,Q,logtHCM,0,43,486.6,533.48
6,Q_logtIMCKGM2,Q,logtIMCKGM2,0,7,486.6,533.48
6,Q_logtPROGDL,Q,logtPROGDL,0,25,486.6,533.48
6,Q_logtRAL,Q,logtRAL,0,27,486.6,533.48
6,Q_logtRAN,Q,logtRAN,0,46,486.6,533.48
6,Q_logtSCM2,Q,logtSCM2,0,6,486.6,533.48
6,Q_logtWTKG,Q,logtWTKG,0,39,486.6,533.48
6,Q_tSCRMGDL,Q,tSCRMGDL,0,37,486.6,533.48
6,V2_ANTU,V2,ANTU,0,55,486.6,533.48
6,V2_LLP,V2,LLP,0,53,486.6,533.48
6,V2_LMP,V2,LMP,0,21,486.6,533.48
6,V2_SEXF,V2,SEXF,1,2,486.6,533.48
6,V2_logtAGEA,V2,logtAGEA,0,60,486.6,533.48
6,V2_logtALBGDL,V2,logtALBGDL,0,31,486.6,533.48
6,V2_logtCLCRMLMIN,V2,logtCLCRMLMIN,0,29,486.6,533.48
6,V2_logtHCM,V2,logtHCM,0,18,486.6,533.48
6,V2_logtIMCKGM2,V2,logtIMCKGM2,0,44,486.6,533.48
6,V2_logtPROGDL,V2,logtPROGDL,0,41,486.6,533.48
6,V2_logtRAL,V2,logtRAL,0,11,486.6,533.48
6,V2_logtRAN,V2,logtRAN,0,28,486.6,533.48
6,V2_logtSCM2,V2,logtSCM2,0,47,486.6,533.48
6,V2_logtWTKG,V2,logtWTKG,0,1,486.6,533.48
6,V2_tSCRMGDL,V2,tSCRMGDL,0,3,486.6,533.48
7,Cl_ANTU,Cl,ANTU,0,22,491.72,535.88
7,Cl_LLP,Cl,LLP,0,42,491.72,535.88
7,Cl_LMP,Cl,LMP,0,58,491.72,535.88
7,Cl_SEXF,Cl,SEXF,0,59,491.72,535.88
7,Cl_logtAGEA,Cl,logtAGEA,0,23,491.72,535.88
7,Cl_logtALBGDL,Cl,logtALBGDL,0,52,491.72,535.88
7,Cl_logtCLCRMLMIN,Cl,logtCLCRMLMIN,0,13,491.72,535.88
7,Cl_logtHCM,Cl,logtHCM,0,40,491.72,535.88
7,Cl_logtIMCKGM2,Cl,logtIMCKGM2,0,24,491.72,535.88
7,Cl_logtPROGDL,Cl,logtPROGDL,0,10,491.72,535.88
7,Cl_logtRAL,Cl,logtRAL,0,49,491.72,535.88
7,Cl_logtRAN,Cl,logtRAN,0,17,491.72,535.88
7,Cl_logtSCM2,Cl,logtSCM2,0,32,491.72,535.88
7,Cl_logtWTKG,Cl,logtWTKG,0,8,491.72,535.88
7,Cl_tSCRMGDL,Cl,tSCRMGDL,1,9,491.72,535.88
7,V1_ANTU,V1,ANTU,0,50,491.72,535.88
7,V1_LLP,V1,LLP,0,45,491.72,535.88
7,V1_LMP,V1,LMP,0,12,491.72,535.88
7,V1_SEXF,V1,SEXF,0,20,491.72,535.88
7,V1_logtAGEA,V1,logtAGEA,0,16,491.72,535.88
7,V1_logtALBGDL,V1,logtALBGDL,0,57,491.72,535.88
7,V1_logtCLCRMLMIN,V1,logtCLCRMLMIN,0,30,491.72,535.88
7,V1_logtHCM,V1,logtHCM,0,33,491.72,535.88
7,V1_logtIMCKGM2,V1,logtIMCKGM2,0,15,491.72,535.88
7,V1_logtPROGDL,V1,logtPROGDL,1,19,491.72,535.88
7,V1_logtRAL,V1,logtRAL,0,36,491.72,535.88
7,V1_logtRAN,V1,logtRAN,0,34,491.72,535.88
7,V1_logtSCM2,V1,logtSCM2,0,35,491.72,535.88
7,V1_logtWTKG,V1,logtWTKG,0,54,491.72,535.88
7,V1_tSCRMGDL,V1,tSCRMGDL,1,5,491.72,535.88
7,Q_ANTU,Q,ANTU,0,51,491.72,535.88
7,Q_LLP,Q,LLP,0,48,491.72,535.88
7,Q_LMP,Q,LMP,0,14,491.72,535.88
7,Q_SEXF,Q,SEXF,0,38,491.72,535.88
7,Q_logtAGEA,Q,logtAGEA,0,4,491.72,535.88
7,Q_logtALBGDL,Q,logtALBGDL,0,56,491.72,535.88
7,Q_logtCLCRMLMIN,Q,logtCLCRMLMIN,0,26,491.72,535.88
7,Q_logtHCM,Q,logtHCM,0,43,491.72,535.88
7,Q_logtIMCKGM2,Q,logtIMCKGM2,0,7,491.72,535.88
7,Q_logtPROGDL,Q,logtPROGDL,0,25,491.72,535.88
7,Q_logtRAL,Q,logtRAL,0,27,491.72,535.88
7,Q_logtRAN,Q,logtRAN,0,46,491.72,535.88
7,Q_logtSCM2,Q,logtSCM2,0,6,491.72,535.88
7,Q_logtWTKG,Q,logtWTKG,0,39,491.72,535.88
7,Q_tSCRMGDL,Q,tSCRMGDL,0,37,491.72,535.88
7,V2_ANTU,V2,ANTU,0,55,491.72,535.88
7,V2_LLP,V2,LLP,0,53,491.72,535.88
7,V2_LMP,V2,LMP,0,21,491.72,535.88
7,V2_SEXF,V2,SEXF,1,2,491.72,535.88
7,V2_logtAGEA,V2,logtAGEA,0,60,491.72,535.88
7,V2_logtALBGDL,V2,logtALBGDL,0,31,491.72,535.88
7,V2_logtCLCRMLMIN,V2,logtCLCRMLMIN,0,29,491.72,535.88
7,V2_logtHCM,V2,logtHCM,0,18,491.72,535.88
7,V2_logtIMCKGM2,V2,logtIMCKGM2,0,44,491.72,535.88
7,V2_logtPROGDL,V2,logtPROGDL,0,41,491.72,535.88
7,V2_logtRAL,V2,logtRAL,0,11,491.72,535.88
7,V2_logtRAN,V2,logtRAN,0,28,491.72,535.88
7,V2_logtSCM2,V2,logtSCM2,0,47,491.72,535.88
7,V2_logtWTKG,V2,logtWTKG,0,1,491.72,535.88
7,V2_tSCRMGDL,V2,tSCRMGDL,0,3,491.72,535.88
8,Cl_ANTU,Cl,ANTU,0,22,496.06,540.22
8,Cl_LLP,Cl,LLP,0,42,496.06,540.22
8,Cl_LMP,Cl,LMP,0,58,496.06,540.22
8,Cl_SEXF,Cl,SEXF,0,59,496.06,540.22
8,Cl_logtAGEA,Cl,logtAGEA,0,23,496.06,540.22
8,Cl_logtALBGDL,Cl,logtALBGDL,0,52,496.06,540.22
8,Cl_logtCLCRMLMIN,Cl,logtCLCRMLMIN,0,13,496.06,540.22
8,Cl_logtHCM,Cl,logtHCM,0,40,496.06,540.22
8,Cl_logtIMCKGM2,Cl,logtIMCKGM2,0,24,496.06,540.22
8,Cl_logtPROGDL,Cl,logtPROGDL,0,10,496.06,540.22
8,Cl_logtRAL,Cl,logtRAL,0,49,496.06,540.22
8,Cl_logtRAN,Cl,logtRAN,0,17,496.06,540.22
8,Cl_logtSCM2,Cl,logtSCM2,0,32,496.06,540.22
8,Cl_logtWTKG,Cl,logtWTKG,1,8,496.06,540.22
8,Cl_tSCRMGDL,Cl,tSCRMGDL,1,9,496.06,540.22
8,V1_ANTU,V1,ANTU,0,50,496.06,540.22
8,V1_LLP,V1,LLP,0,45,496.06,540.22
8,V1_LMP,V1,LMP,0,12,496.06,540.22
8,V1_SEXF,V1,SEXF,0,20,496.06,540.22
8,V1_logtAGEA,V1,logtAGEA,0,16,496.06,540.22
8,V1_logtALBGDL,V1,logtALBGDL,0,57,496.06,540.22
8,V1_logtCLCRMLMIN,V1,logtCLCRMLMIN,0,30,496.06,540.22
8,V1_logtHCM,V1,logtHCM,0,33,496.06,540.22
8,V1_logtIMCKGM2,V1,logtIMCKGM2,0,15,496.06,540.22
8,V1_logtPROGDL,V1,logtPROGDL,0,19,496.06,540.22
8,V1_logtRAL,V1,logtRAL,0,36,496.06,540.22
8,V1_logtRAN,V1,logtRAN,0,34,496.06,540.22
8,V1_logtSCM2,V1,logtSCM2,0,35,496.06,540.22
8,V1_logtWTKG,V1,logtWTKG,0,54,496.06,540.22
8,V1_tSCRMGDL,V1,tSCRMGDL,1,5,496.06,540.22
8,Q_ANTU,Q,ANTU,0,51,496.06,540.22
8,Q_LLP,Q,LLP,0,48,496.06,540.22
8,Q_LMP,Q,LMP,0,14,496.06,540.22
8,Q_SEXF,Q,SEXF,0,38,496.06,540.22
8,Q_logtAGEA,Q,logtAGEA,0,4,496.06,540.22
8,Q_logtALBGDL,Q,logtALBGDL,0,56,496.06,540.22
8,Q_logtCLCRMLMIN,Q,logtCLCRMLMIN,0,26,496.06,540.22
8,Q_logtHCM,Q,logtHCM,0,43,496.06,540.22
8,Q_logtIMCKGM2,Q,logtIMCKGM2,0,7,496.06,540.22
8,Q_logtPROGDL,Q,logtPROGDL,0,25,496.06,540.22
8,Q_logtRAL,Q,logtRAL,0,27,496.06,540.22
8,Q_logtRAN,Q,logtRAN,0,46,496.06,540.22
8,Q_logtSCM2,Q,logtSCM2,0,6,496.06,540.22
8,Q_logtWTKG,Q,logtWTKG,0,39,496.06,540.22
8,Q_tSCRMGDL,Q,tSCRMGDL,0,37,496.06,540.22
8,V2_ANTU,V2,ANTU,0,55,496.06,540.22
8,V2_LLP,V2,LLP,0,53,496.06,540.22
8,V2_LMP,V2,LMP,0,21,496.06,540.22
8,V2_SEXF,V2,SEXF,1,2,496.06,540.22
8,V2_logtAGEA,V2,logtAGEA,0,60,496.06,540.22
8,V2_logtALBGDL,V2,logtALBGDL,0,31,496.06,540.22
8,V2_logtCLCRMLMIN,V2,logtCLCRMLMIN,0,29,496.06,540.22
8,V2_logtHCM,V2,logtHCM,0,18,496.06,540.22
8,V2_logtIMCKGM2,V2,logtIMCKGM2,0,44,496.06,540.22
8,V2_logtPROGDL,V2,logtPROGDL,0,41,496.06,540.22
8,V2_logtRAL,V2,logtRAL,0,11,496.06,540.22
8,V2_logtRAN,V2,logtRAN,0,28,496.06,540.22
8,V2_logtSCM2,V2,logtSCM2,0,47,496.06,540.22
8,V2_logtWTKG,V2,logtWTKG,0,1,496.06,540.22
8,V2_tSCRMGDL,V2,tSCRMGDL,0,3,496.06,540.22
9,Cl_ANTU,Cl,ANTU,0,22,483.65,533.23
9,Cl_LLP,Cl,LLP,0,42,483.65,533.23
9,Cl_LMP,Cl,LMP,0,58,483.65,533.23
9,Cl_SEXF,Cl,SEXF,0,59,483.65,533.23
9,Cl_logtAGEA,Cl,logtAGEA,0,23,483.65,533.23
9,Cl_logtALBGDL,Cl,logtALBGDL,0,52,483.65,533.23
9,Cl_logtCLCRMLMIN,Cl,logtCLCRMLMIN,0,13,483.65,533.23
9,Cl_logtHCM,Cl,logtHCM,0,40,483.65,533.23
9,Cl_logtIMCKGM2,Cl,logtIMCKGM2,0,24,483.65,533.23
9,Cl_logtPROGDL,Cl,logtPROGDL,0,10,483.65,533.23
9,Cl_logtRAL,Cl,logtRAL,0,49,483.65,533.23
9,Cl_logtRAN,Cl,logtRAN,0,17,483.65,533.23
9,Cl_logtSCM2,Cl,logtSCM2,0,32,483.65,533.23
9,Cl_logtWTKG,Cl,logtWTKG,1,8,483.65,533.23
9,Cl_tSCRMGDL,Cl,tSCRMGDL,1,9,483.65,533.23
9,V1_ANTU,V1,ANTU,0,50,483.65,533.23
9,V1_LLP,V1,LLP,0,45,483.65,533.23
9,V1_LMP,V1,LMP,0,12,483.65,533.23
9,V1_SEXF,V1,SEXF,0,20,483.65,533.23
9,V1_logtAGEA,V1,logtAGEA,0,16,483.65,533.23
9,V1_logtALBGDL,V1,logtALBGDL,0,57,483.65,533.23
9,V1_logtCLCRMLMIN,V1,logtCLCRMLMIN,0,30,483.65,533.23
9,V1_logtHCM,V1,logtHCM,0,33,483.65,533.23
9,V1_logtIMCKGM2,V1,logtIMCKGM2,0,15,483.65,533.23
9,V1_logtPROGDL,V1,logtPROGDL,1,19,483.65,533.23
9,V1_logtRAL,V1,logtRAL,0,36,483.65,533.23
9,V1_logtRAN,V1,logtRAN,0,34,483.65,533.23
9,V1_logtSCM2,V1,logtSCM2,0,35,483.65,533.23
9,V1_logtWTKG,V1,logtWTKG,0,54,483.65,533.23
9,V1_tSCRMGDL,V1,tSCRMGDL,1,5,483.65,533.23
9,Q_ANTU,Q,ANTU,0,51,483.65,533.23
9,Q_LLP,Q,LLP,0,48,483.65,533.23
9,Q_LMP,Q,LMP,0,14,483.65,533.23
9,Q_SEXF,Q,SEXF,0,38,483.65,533.23
9,Q_logtAGEA,Q,logtAGEA,0,4,483.65,533.23
9,Q_logtALBGDL,Q,logtALBGDL,0,56,483.65,533.23
9,Q_logtCLCRMLMIN,Q,logtCLCRMLMIN,0,26,483.65,533.23
9,Q_logtHCM,Q,logtHCM,0,43,483.65,533.23
9,Q_logtIMCKGM2,Q,logtIMCKGM2,1,7,483.65,533.23
9,Q_logtPROGDL,Q,logtPROGDL,0,25,483.65,533.23
9,Q_logtRAL,Q,logtRAL,0,27,483.65,533.23
9,Q_logtRAN,Q,logtRAN,0,46,483.65,533.23
9,Q_logtSCM2,Q,logtSCM2,0,6,483.65,533.23
9,Q_logtWTKG,Q,logtWTKG,0,39,483.65,533.23
9,Q_tSCRMGDL,Q,tSCRMGDL,0,37,483.65,533.23
9,V2_ANTU,V2,ANTU,0,55,483.65,533.23
9,V2_LLP,V2,LLP,0,53,483.65,533.23
9,V2_LMP,V2,LMP,0,21,483.65,533.23
9,V2_SEXF,V2,SEXF,1,2,483.65,533.23
9,V2_logtAGEA,V2,logtAGEA,0,60,483.65,533.23
9,V2_logtALBGDL,V2,logtALBGDL,0,31,483.65,533.23
9,V2_logtCLCRMLMIN,V2,logtCLCRMLMIN,0,29,483.65,533.23
9,V2_logtHCM,V2,logtHCM,0,18,483.65,533.23
9,V2_logtIMCKGM2,V2,logtIMCKGM2,0,44,483.65,533.23
9,V2_logtPROGDL,V2,logtPROGDL,0,41,483.65,533.23
9,V2_logtRAL,V2,logtRAL,0,11,483.65,533.23
9,V2_logtRAN,V2,logtRAN,0,28,483.65,533.23
9,V2_logtSCM2,V2,logtSCM2,0,47,483.65,533.23
9,V2_logtWTKG,V2,logtWTKG,0,1,483.65,533.23
9,V2_tSCRMGDL,V2,tSCRMGDL,0,3,483.65,533.23
10,Cl_ANTU,Cl,ANTU,0,22,489.61,536.48
10,Cl_LLP,Cl,LLP,0,42,489.61,536.48
10,Cl_LMP,Cl,LMP,0,58,489.61,536.48
10,Cl_SEXF,Cl,SEXF,0,59,489.61,536.48
10,Cl_logtAGEA,Cl,logtAGEA,0,23,489.61,536.48
10,Cl_logtALBGDL,Cl,logtALBGDL,0,52,489.61,536.48
10,Cl_logtCLCRMLMIN,Cl,logtCLCRMLMIN,0,13,489.61,536.48
10,Cl_logtHCM,Cl,logtHCM,0,40,489.61,536.48
10,Cl_logtIMCKGM2,Cl,logtIMCKGM2,0,24,489.61,536.48
10,Cl_logtPROGDL,Cl,logtPROGDL,0,10,489.61,536.48
10,Cl_logtRAL,Cl,logtRAL,0,49,489.61,536.48
10,Cl_logtRAN,Cl,logtRAN,0,17,489.61,536.48
10,Cl_logtSCM2,Cl,logtSCM2,0,32,489.61,536.48
10,Cl_logtWTKG,Cl,logtWTKG,1,8,489.61,536.48
10,Cl_tSCRMGDL,Cl,tSCRMGDL,1,9,489.61,536.48
10,V1_ANTU,V1,ANTU,0,50,489.61,536.48
10,V1_LLP,V1,LLP,0,45,489.61,536.48
10,V1_LMP,V1,LMP,0,12,489.61,536.48
10,V1_SEXF,V1,SEXF,0,20,489.61,536.48
10,V1_logtAGEA,V1,logtAGEA,0,16,489.61,536.48
10,V1_logtALBGDL,V1,logtALBGDL,0,57,489.61,536.48
10,V1_logtCLCRMLMIN,V1,logtCLCRMLMIN,0,30,489.61,536.48
10,V1_logtHCM,V1,logtHCM,0,33,489.61,536.48
10,V1_logtIMCKGM2,V1,logtIMCKGM2,0,15,489.61,536.48
10,V1_logtPROGDL,V1,logtPROGDL,1,19,489.61,536.48
10,V1_logtRAL,V1,logtRAL,0,36,489.61,536.48
10,V1_logtRAN,V1,logtRAN,0,34,489.61,536.48
10,V1_logtSCM2,V1,logtSCM2,0,35,489.61,536.48
10,V1_logtWTKG,V1,logtWTKG,0,54,489.61,536.48
10,V1_tSCRMGDL,V1,tSCRMGDL,0,5,489.61,536.48
10,Q_ANTU,Q,ANTU,0,51,489.61,536.48
10,Q_LLP,Q,LLP,0,48,489.61,536.48
10,Q_LMP,Q,LMP,0,14,489.61,536.48
10,Q_SEXF,Q,SEXF,0,38,489.61,536.48
10,Q_logtAGEA,Q,logtAGEA,0,4,489.61,536.48
10,Q_logtALBGDL,Q,logtALBGDL,0,56,489.61,536.48
10,Q_logtCLCRMLMIN,Q,logtCLCRMLMIN,0,26,489.61,536.48
10,Q_logtHCM,Q,logtHCM,0,43,489.61,536.48
10,Q_logtIMCKGM2,Q,logtIMCKGM2,1,7,489.61,536.48
10,Q_logtPROGDL,Q,logtPROGDL,0,25,489.61,536.48
10,Q_logtRAL,Q,logtRAL,0,27,489.61,536.48
10,Q_logtRAN,Q,logtRAN,0,46,489.61,536.48
10,Q_logtSCM2,Q,logtSCM2,0,6,489.61,536.48
10,Q_logtWTKG,Q,logtWTKG,0,39,489.61,536.48
10,Q_tSCRMGDL,Q,tSCRMGDL,0,37,489.61,536.48
10,V2_ANTU,V2,ANTU,0,55,489.61,536.48
10,V2_LLP,V2,LLP,0,53,489.61,536.48
10,V2_LMP,V2,LMP,0,21,489.61,536.48
10,V2_SEXF,V2,SEXF,1,2,489.61,536.48
10,V2_logtAGEA,V2,logtAGEA,0,60,489.61,536.48
10,V2_logtALBGDL,V2,logtALBGDL,0,31,489.61,536.48
10,V2_logtCLCRMLMIN,V2,logtCLCRMLMIN,0,29,489.61,536.48
10,V2_logtHCM,V2,logtHCM,0,18,489.61,536.48
10,V2_logtIMCKGM2,V2,logtIMCKGM2,0,44,489.61,536.48
10,V2_logtPROGDL,V2,logtPROGDL,0,41,489.61,536.48
10,V2_logtRAL,V2,logtRAL,0,11,489.61,536.48
10,V2_logtRAN,V2,logtRAN,0,28,489.61,536.48
10,V2_logtSCM2,V2,logtSCM2,0,47,489.61,536.48
10,V2_logtWTKG,V2,logtWTKG,0,1,489.61,536.48
10,V2_tSCRMGDL,V2,tSCRMGDL,0,3,489.61,536.48
11,Cl_ANTU,Cl,ANTU,0,22,488.82,535.69
11,Cl_LLP,Cl,LLP,0,42,488.82,535.69
11,Cl_LMP,Cl,LMP,0,58,488.82,535.69
11,Cl_SEXF,Cl,SEXF,0,59,488.82,535.69
11,Cl_logtAGEA,Cl,logtAGEA,0,23,488.82,535.69
11,Cl_logtALBGDL,Cl,logtALBGDL,0,52,488.82,535.69
11,Cl_logtCLCRMLMIN,Cl,logtCLCRMLMIN,0,13,488.82,535.69
11,Cl_logtHCM,Cl,logtHCM,0,40,488.82,535.69
11,Cl_logtIMCKGM2,Cl,logtIMCKGM2,0,24,488.82,535.69
11,Cl_logtPROGDL,Cl,logtPROGDL,0,10,488.82,535.69
11,Cl_logtRAL,Cl,logtRAL,0,49,488.82,535.69
11,Cl_logtRAN,Cl,logtRAN,0,17,488.82,535.69
11,Cl_logtSCM2,Cl,logtSCM2,0,32,488.82,535.69
11,Cl_logtWTKG,Cl,logtWTKG,0,8,488.82,535.69
11,Cl_tSCRMGDL,Cl,tSCRMGDL,1,9,488.82,535.69
11,V1_ANTU,V1,ANTU,0,50,488.82,535.69
11,V1_LLP,V1,LLP,0,45,488.82,535.69
11,V1_LMP,V1,LMP,0,12,488.82,535.69
11,V1_SEXF,V1,SEXF,0,20,488.82,535.69
11,V1_logtAGEA,V1,logtAGEA,0,16,488.82,535.69
11,V1_logtALBGDL,V1,logtALBGDL,0,57,488.82,535.69
11,V1_logtCLCRMLMIN,V1,logtCLCRMLMIN,0,30,488.82,535.69
11,V1_logtHCM,V1,logtHCM,0,33,488.82,535.69
11,V1_logtIMCKGM2,V1,logtIMCKGM2,0,15,488.82,535.69
11,V1_logtPROGDL,V1,logtPROGDL,1,19,488.82,535.69
11,V1_logtRAL,V1,logtRAL,0,36,488.82,535.69
11,V1_logtRAN,V1,logtRAN,0,34,488.82,535.69
11,V1_logtSCM2,V1,logtSCM2,0,35,488.82,535.69
11,V1_logtWTKG,V1,logtWTKG,0,54,488.82,535.69
11,V1_tSCRMGDL,V1,tSCRMGDL,1,5,488.82,535.69
11,Q_ANTU,Q,ANTU,0,51,488.82,535.69
11,Q_LLP,Q,LLP,0,48,488.82,535.69
11,Q_LMP,Q,LMP,0,14,488.82,535.69
11,Q_SEXF,Q,SEXF,0,38,488.82,535.69
11,Q_logtAGEA,Q,logtAGEA,0,4,488.82,535.69
11,Q_logtALBGDL,Q,logtALBGDL,0,56,488.82,535.69
11,Q_logtCLCRMLMIN,Q,logtCLCRMLMIN,0,26,488.82,535.69
11,Q_logtHCM,Q,logtHCM,0,43,488.82,535.69
11,Q_logtIMCKGM2,Q,logtIMCKGM2,1,7,488.82,535.69
11,Q_logtPROGDL,Q,logtPROGDL,0,25,488.82,535.69
11,Q_logtRAL,Q,logtRAL,0,27,488.82,535.69
11,Q_logtRAN,Q,logtRAN,0,46,488.82,535.69
11,Q_logtSCM2,Q,logtSCM2,0,6,488.82,535.69
11,Q_logtWTKG,Q,logtWTKG,0,39,488.82,535.69
11,Q_tSCRMGDL,Q,tSCRMGDL,0,37,488.82,535.69
11,V2_ANTU,V2,ANTU,0,55,488.82,535.69
11,V2_LLP,V2,LLP,0,53,488.82,535.69
11,V2_LMP,V2,LMP,0,21,488.82,535.69
11,V2_SEXF,V2,SEXF,1,2,488.82,535.69
11,V2_logtAGEA,V2,logtAGEA,0,60,488.82,535.69
11,V2_logtALBGDL,V2,logtALBGDL,0,31,488.82,535.69
11,V2_logtCLCRMLMIN,V2,logtCLCRMLMIN,0,29,488.82,535.69
11,V2_logtHCM,V2,logtHCM,0,18,488.82,535.69
11,V2_logtIMCKGM2,V2,logtIMCKGM2,0,44,488.82,535.69
11,V2_logtPROGDL,V2,logtPROGDL,0,41,488.82,535.69
11,V2_logtRAL,V2,logtRAL,0,11,488.82,535.69
11,V2_logtRAN,V2,logtRAN,0,28,488.82,535.69
11,V2_logtSCM2,V2,logtSCM2,0,47,488.82,535.69
11,V2_logtWTKG,V2,logtWTKG,0,1,488.82,535.69
11,V2_tSCRMGDL,V2,tSCRMGDL,0,3,488.82,535.69
12,Cl_ANTU,Cl,ANTU,0,22,494.24,541.11
12,Cl_LLP,Cl,LLP,0,42,494.24,541.11
12,Cl_LMP,Cl,LMP,0,58,494.24,541.11
12,Cl_SEXF,Cl,SEXF,0,59,494.24,541.11
12,Cl_logtAGEA,Cl,logtAGEA,0,23,494.24,541.11
12,Cl_logtALBGDL,Cl,logtALBGDL,0,52,494.24,541.11
12,Cl_logtCLCRMLMIN,Cl,logtCLCRMLMIN,0,13,494.24,541.11
12,Cl_logtHCM,Cl,logtHCM,0,40,494.24,541.11
12,Cl_logtIMCKGM2,Cl,logtIMCKGM2,0,24,494.24,541.11
12,Cl_logtPROGDL,Cl,logtPROGDL,0,10,494.24,541.11
12,Cl_logtRAL,Cl,logtRAL,0,49,494.24,541.11
12,Cl_logtRAN,Cl,logtRAN,0,17,494.24,541.11
12,Cl_logtSCM2,Cl,logtSCM2,0,32,494.24,541.11
12,Cl_logtWTKG,Cl,logtWTKG,1,8,494.24,541.11
12,Cl_tSCRMGDL,Cl,tSCRMGDL,1,9,494.24,541.11
12,V1_ANTU,V1,ANTU,0,50,494.24,541.11
12,V1_LLP,V1,LLP,0,45,494.24,541.11
12,V1_LMP,V1,LMP,0,12,494.24,541.11
12,V1_SEXF,V1,SEXF,0,20,494.24,541.11
12,V1_logtAGEA,V1,logtAGEA,0,16,494.24,541.11
12,V1_logtALBGDL,V1,logtALBGDL,0,57,494.24,541.11
12,V1_logtCLCRMLMIN,V1,logtCLCRMLMIN,0,30,494.24,541.11
12,V1_logtHCM,V1,logtHCM,0,33,494.24,541.11
12,V1_logtIMCKGM2,V1,logtIMCKGM2,0,15,494.24,541.11
12,V1_logtPROGDL,V1,logtPROGDL,0,19,494.24,541.11
12,V1_logtRAL,V1,logtRAL,0,36,494.24,541.11
12,V1_logtRAN,V1,logtRAN,0,34,494.24,541.11
12,V1_logtSCM2,V1,logtSCM2,0,35,494.24,541.11
12,V1_logtWTKG,V1,logtWTKG,0,54,494.24,541.11
12,V1_tSCRMGDL,V1,tSCRMGDL,1,5,494.24,541.11
12,Q_ANTU,Q,ANTU,0,51,494.24,541.11
12,Q_LLP,Q,LLP,0,48,494.24,541.11
12,Q_LMP,Q,LMP,0,14,494.24,541.11
12,Q_SEXF,Q,SEXF,0,38,494.24,541.11
12,Q_logtAGEA,Q,logtAGEA,0,4,494.24,541.11
12,Q_logtALBGDL,Q,logtALBGDL,0,56,494.24,541.11
12,Q_logtCLCRMLMIN,Q,logtCLCRMLMIN,0,26,494.24,541.11
12,Q_logtHCM,Q,logtHCM,0,43,494.24,541.11
12,Q_logtIMCKGM2,Q,logtIMCKGM2,1,7,494.24,541.11
12,Q_logtPROGDL,Q,logtPROGDL,0,25,494.24,541.11
12,Q_logtRAL,Q,logtRAL,0,27,494.24,541.11
12,Q_logtRAN,Q,logtRAN,0,46,494.24,541.11
12,Q_logtSCM2,Q,logtSCM2,0,6,494.24,541.11
12,Q_logtWTKG,Q,logtWTKG,0,39,494.24,541.11
12,Q_tSCRMGDL,Q,tSCRMGDL,0,37,494.24,541.11
12,V2_ANTU,V2,ANTU,0,55,494.24,541.11
12,V2_LLP,V2,LLP,0,53,494.24,541.11
12,V2_LMP,V2,LMP,0,21,494.24,541.11
12,V2_SEXF,V2,SEXF,1,2,494.24,541.11
12,V2_logtAGEA,V2,logtAGEA,0,60,494.24,541.11
12,V2_logtALBGDL,V2,logtALBGDL,0,31,494.24,541.11
12,V2_logtCLCRMLMIN,V2,logtCLCRMLMIN,0,29,494.24,541.11
12,V2_logtHCM,V2,logtHCM,0,18,494.24,541.11
12,V2_logtIMCKGM2,V2,logtIMCKGM2,0,44,494.24,541.11
12,V2_logtPROGDL,V2,logtPROGDL,0,41,494.24,541.11
12,V2_logtRAL,V2,logtRAL,0,11,494.24,541.11
12,V2_logtRAN,V2,logtRAN,0,28,494.24,541.11
12,V2_logtSCM2,V2,logtSCM2,0,47,494.24,541.11
12,V2_logtWTKG,V2,logtWTKG,0,1,494.24,541.11
12,V2_tSCRMGDL,V2,tSCRMGDL,0,3,494.24,541.11
13,Cl_ANTU,Cl,ANTU,0,22,479.14,531.43
13,Cl_LLP,Cl,LLP,0,42,479.14,531.43
13,Cl_LMP,Cl,LMP,1,58,479.14,531.43
13,Cl_SEXF,Cl,SEXF,0,59,479.14,531.43
13,Cl_logtAGEA,Cl,logtAGEA,0,23,479.14,531.43
13,Cl_logtALBGDL,Cl,logtALBGDL,0,52,479.14,531.43
13,Cl_logtCLCRMLMIN,Cl,logtCLCRMLMIN,0,13,479.14,531.43
13,Cl_logtHCM,Cl,logtHCM,0,40,479.14,531.43
13,Cl_logtIMCKGM2,Cl,logtIMCKGM2,0,24,479.14,531.43
13,Cl_logtPROGDL,Cl,logtPROGDL,0,10,479.14,531.43
13,Cl_logtRAL,Cl,logtRAL,0,49,479.14,531.43
13,Cl_logtRAN,Cl,logtRAN,0,17,479.14,531.43
13,Cl_logtSCM2,Cl,logtSCM2,0,32,479.14,531.43
13,Cl_logtWTKG,Cl,logtWTKG,1,8,479.14,531.43
13,Cl_tSCRMGDL,Cl,tSCRMGDL,1,9,479.14,531.43
13,V1_ANTU,V1,ANTU,0,50,479.14,531.43
13,V1_LLP,V1,LLP,0,45,479.14,531.43
13,V1_LMP,V1,LMP,0,12,479.14,531.43
13,V1_SEXF,V1,SEXF,0,20,479.14,531.43
13,V1_logtAGEA,V1,logtAGEA,0,16,479.14,531.43
13,V1_logtALBGDL,V1,logtALBGDL,0,57,479.14,531.43
13,V1_logtCLCRMLMIN,V1,logtCLCRMLMIN,0,30,479.14,531.43
13,V1_logtHCM,V1,logtHCM,0,33,479.14,531.43
13,V1_logtIMCKGM2,V1,logtIMCKGM2,0,15,479.14,531.43
13,V1_logtPROGDL,V1,logtPROGDL,1,19,479.14,531.43
13,V1_logtRAL,V1,logtRAL,0,36,479.14,531.43
13,V1_logtRAN,V1,logtRAN,0,34,479.14,531.43
13,V1_logtSCM2,V1,logtSCM2,0,35,479.14,531.43
13,V1_logtWTKG,V1,logtWTKG,0,54,479.14,531.43
13,V1_tSCRMGDL,V1,tSCRMGDL,1,5,479.14,531.43
13,Q_ANTU,Q,ANTU,0,51,479.14,531.43
13,Q_LLP,Q,LLP,0,48,479.14,531.43
13,Q_LMP,Q,LMP,0,14,479.14,531.43
13,Q_SEXF,Q,SEXF,0,38,479.14,531.43
13,Q_logtAGEA,Q,logtAGEA,0,4,479.14,531.43
13,Q_logtALBGDL,Q,logtALBGDL,0,56,479.14,531.43
13,Q_logtCLCRMLMIN,Q,logtCLCRMLMIN,0,26,479.14,531.43
13,Q_logtHCM,Q,logtHCM,0,43,479.14,531.43
13,Q_logtIMCKGM2,Q,logtIMCKGM2,1,7,479.14,531.43
13,Q_logtPROGDL,Q,logtPROGDL,0,25,479.14,531.43
13,Q_logtRAL,Q,logtRAL,0,27,479.14,531.43
13,Q_logtRAN,Q,logtRAN,0,46,479.14,531.43
13,Q_logtSCM2,Q,logtSCM2,0,6,479.14,531.43
13,Q_logtWTKG,Q,logtWTKG,0,39,479.14,531.43
13,Q_tSCRMGDL,Q,tSCRMGDL,0,37,479.14,531.43
13,V2_ANTU,V2,ANTU,0,55,479.14,531.43
13,V2_LLP,V2,LLP,0,53,479.14,531.43
13,V2_LMP,V2,LMP,0,21,479.14,531.43
13,V2_SEXF,V2,SEXF,1,2,479.14,531.43
13,V2_logtAGEA,V2,logtAGEA,0,60,479.14,531.43
13,V2_logtALBGDL,V2,logtALBGDL,0,31,479.14,531.43
13,V2_logtCLCRMLMIN,V2,logtCLCRMLMIN,0,29,479.14,531.43
13,V2_logtHCM,V2,logtHCM,0,18,479.14,531.43
13,V2_logtIMCKGM2,V2,logtIMCKGM2,0,44,479.14,531.43
13,V2_logtPROGDL,V2,logtPROGDL,0,41,479.14,531.43
13,V2_logtRAL,V2,logtRAL,0,11,479.14,531.43
13,V2_logtRAN,V2,logtRAN,0,28,479.14,531.43
13,V2_logtSCM2,V2,logtSCM2,0,47,479.14,531.43
13,V2_logtWTKG,V2,logtWTKG,0,1,479.14,531.43
13,V2_tSCRMGDL,V2,tSCRMGDL,0,3,479.14,531.43
14,Cl_ANTU,Cl,ANTU,0,22,485.06,534.64
14,Cl_LLP,Cl,LLP,0,42,485.06,534.64
14,Cl_LMP,Cl,LMP,1,58,485.06,534.64
14,Cl_SEXF,Cl,SEXF,0,59,485.06,534.64
14,Cl_logtAGEA,Cl,logtAGEA,0,23,485.06,534.64
14,Cl_logtALBGDL,Cl,logtALBGDL,0,52,485.06,534.64
14,Cl_logtCLCRMLMIN,Cl,logtCLCRMLMIN,0,13,485.06,534.64
14,Cl_logtHCM,Cl,logtHCM,0,40,485.06,534.64
14,Cl_logtIMCKGM2,Cl,logtIMCKGM2,0,24,485.06,534.64
14,Cl_logtPROGDL,Cl,logtPROGDL,0,10,485.06,534.64
14,Cl_logtRAL,Cl,logtRAL,0,49,485.06,534.64
14,Cl_logtRAN,Cl,logtRAN,0,17,485.06,534.64
14,Cl_logtSCM2,Cl,logtSCM2,0,32,485.06,534.64
14,Cl_logtWTKG,Cl,logtWTKG,1,8,485.06,534.64
14,Cl_tSCRMGDL,Cl,tSCRMGDL,1,9,485.06,534.64
14,V1_ANTU,V1,ANTU,0,50,485.06,534.64
14,V1_LLP,V1,LLP,0,45,485.06,534.64
14,V1_LMP,V1,LMP,0,12,485.06,534.64
14,V1_SEXF,V1,SEXF,0,20,485.06,534.64
14,V1_logtAGEA,V1,logtAGEA,0,16,485.06,534.64
14,V1_logtALBGDL,V1,logtALBGDL,0,57,485.06,534.64
14,V1_logtCLCRMLMIN,V1,logtCLCRMLMIN,0,30,485.06,534.64
14,V1_logtHCM,V1,logtHCM,0,33,485.06,534.64
14,V1_logtIMCKGM2,V1,logtIMCKGM2,0,15,485.06,534.64
14,V1_logtPROGDL,V1,logtPROGDL,1,19,485.06,534.64
14,V1_logtRAL,V1,logtRAL,0,36,485.06,534.64
14,V1_logtRAN,V1,logtRAN,0,34,485.06,534.64
14,V1_logtSCM2,V1,logtSCM2,0,35,485.06,534.64
14,V1_logtWTKG,V1,logtWTKG,0,54,485.06,534.64
14,V1_tSCRMGDL,V1,tSCRMGDL,0,5,485.06,534.64
14,Q_ANTU,Q,ANTU,0,51,485.06,534.64
14,Q_LLP,Q,LLP,0,48,485.06,534.64
14,Q_LMP,Q,LMP,0,14,485.06,534.64
14,Q_SEXF,Q,SEXF,0,38,485.06,534.64
14,Q_logtAGEA,Q,logtAGEA,0,4,485.06,534.64
14,Q_logtALBGDL,Q,logtALBGDL,0,56,485.06,534.64
14,Q_logtCLCRMLMIN,Q,logtCLCRMLMIN,0,26,485.06,534.64
14,Q_logtHCM,Q,logtHCM,0,43,485.06,534.64
14,Q_logtIMCKGM2,Q,logtIMCKGM2,1,7,485.06,534.64
14,Q_logtPROGDL,Q,logtPROGDL,0,25,485.06,534.64
14,Q_logtRAL,Q,logtRAL,0,27,485.06,534.64
14,Q_logtRAN,Q,logtRAN,0,46,485.06,534.64
14,Q_logtSCM2,Q,logtSCM2,0,6,485.06,534.64
14,Q_logtWTKG,Q,logtWTKG,0,39,485.06,534.64
14,Q_tSCRMGDL,Q,tSCRMGDL,0,37,485.06,534.64
14,V2_ANTU,V2,ANTU,0,55,485.06,534.64
14,V2_LLP,V2,LLP,0,53,485.06,534.64
14,V2_LMP,V2,LMP,0,21,485.06,534.64
14,V2_SEXF,V2,SEXF,1,2,485.06,534.64
14,V2_logtAGEA,V2,logtAGEA,0,60,485.06,534.64
14,V2_logtALBGDL,V2,logtALBGDL,0,31,485.06,534.64
14,V2_logtCLCRMLMIN,V2,logtCLCRMLMIN,0,29,485.06,534.64
14,V2_logtHCM,V2,logtHCM,0,18,485.06,534.64
14,V2_logtIMCKGM2,V2,logtIMCKGM2,0,44,485.06,534.64
14,V2_logtPROGDL,V2,logtPROGDL,0,41,485.06,534.64
14,V2_logtRAL,V2,logtRAL,0,11,485.06,534.64
14,V2_logtRAN,V2,logtRAN,0,28,485.06,534.64
14,V2_logtSCM2,V2,logtSCM2,0,47,485.06,534.64
14,V2_logtWTKG,V2,logtWTKG,0,1,485.06,534.64
14,V2_tSCRMGDL,V2,tSCRMGDL,0,3,485.06,534.64
15,Cl_ANTU,Cl,ANTU,0,22,487.12,536.7
15,Cl_LLP,Cl,LLP,0,42,487.12,536.7
15,Cl_LMP,Cl,LMP,1,58,487.12,536.7
15,Cl_SEXF,Cl,SEXF,0,59,487.12,536.7
15,Cl_logtAGEA,Cl,logtAGEA,0,23,487.12,536.7
15,Cl_logtALBGDL,Cl,logtALBGDL,0,52,487.12,536.7
15,Cl_logtCLCRMLMIN,Cl,logtCLCRMLMIN,0,13,487.12,536.7
15,Cl_logtHCM,Cl,logtHCM,0,40,487.12,536.7
15,Cl_logtIMCKGM2,Cl,logtIMCKGM2,0,24,487.12,536.7
15,Cl_logtPROGDL,Cl,logtPROGDL,0,10,487.12,536.7
15,Cl_logtRAL,Cl,logtRAL,0,49,487.12,536.7
15,Cl_logtRAN,Cl,logtRAN,0,17,487.12,536.7
15,Cl_logtSCM2,Cl,logtSCM2,0,32,487.12,536.7
15,Cl_logtWTKG,Cl,logtWTKG,0,8,487.12,536.7
15,Cl_tSCRMGDL,Cl,tSCRMGDL,1,9,487.12,536.7
15,V1_ANTU,V1,ANTU,0,50,487.12,536.7
15,V1_LLP,V1,LLP,0,45,487.12,536.7
15,V1_LMP,V1,LMP,0,12,487.12,536.7
15,V1_SEXF,V1,SEXF,0,20,487.12,536.7
15,V1_logtAGEA,V1,logtAGEA,0,16,487.12,536.7
15,V1_logtALBGDL,V1,logtALBGDL,0,57,487.12,536.7
15,V1_logtCLCRMLMIN,V1,logtCLCRMLMIN,0,30,487.12,536.7
15,V1_logtHCM,V1,logtHCM,0,33,487.12,536.7
15,V1_logtIMCKGM2,V1,logtIMCKGM2,0,15,487.12,536.7
15,V1_logtPROGDL,V1,logtPROGDL,1,19,487.12,536.7
15,V1_logtRAL,V1,logtRAL,0,36,487.12,536.7
15,V1_logtRAN,V1,logtRAN,0,34,487.12,536.7
15,V1_logtSCM2,V1,logtSCM2,0,35,487.12,536.7
15,V1_logtWTKG,V1,logtWTKG,0,54,487.12,536.7
15,V1_tSCRMGDL,V1,tSCRMGDL,1,5,487.12,536.7
15,Q_ANTU,Q,ANTU,0,51,487.12,536.7
15,Q_LLP,Q,LLP,0,48,487.12,536.7
15,Q_LMP,Q,LMP,0,14,487.12,536.7
15,Q_SEXF,Q,SEXF,0,38,487.12,536.7
15,Q_logtAGEA,Q,logtAGEA,0,4,487.12,536.7
15,Q_logtALBGDL,Q,logtALBGDL,0,56,487.12,536.7
15,Q_logtCLCRMLMIN,Q,logtCLCRMLMIN,0,26,487.12,536.7
15,Q_logtHCM,Q,logtHCM,0,43,487.12,536.7
15,Q_logtIMCKGM2,Q,logtIMCKGM2,1,7,487.12,536.7
15,Q_logtPROGDL,Q,logtPROGDL,0,25,487.12,536.7
15,Q_logtRAL,Q,logtRAL,0,27,487.12,536.7
15,Q_logtRAN,Q,logtRAN,0,46,487.12,536.7
15,Q_logtSCM2,Q,logtSCM2,0,6,487.12,536.7
15,Q_logtWTKG,Q,logtWTKG,0,39,487.12,536.7
15,Q_tSCRMGDL,Q,tSCRMGDL,0,37,487.12,536.7
15,V2_ANTU,V2,ANTU,0,55,487.12,536.7
15,V2_LLP,V2,LLP,0,53,487.12,536.7
15,V2_LMP,V2,LMP,0,21,487.12,536.7
15,V2_SEXF,V2,SEXF,1,2,487.12,536.7
15,V2_logtAGEA,V2,logtAGEA,0,60,487.12,536.7
15,V2_logtALBGDL,V2,logtALBGDL,0,31,487.12,536.7
15,V2_logtCLCRMLMIN,V2,logtCLCRMLMIN,0,29,487.12,536.7
15,V2_logtHCM,V2,logtHCM,0,18,487.12,536.7
15,V2_logtIMCKGM2,V2,logtIMCKGM2,0,44,487.12,536.7
15,V2_logtPROGDL,V2,logtPROGDL,0,41,487.12,536.7
15,V2_logtRAL,V2,logtRAL,0,11,487.12,536.7
15,V2_logtRAN,V2,logtRAN,0,28,487.12,536.7
15,V2_logtSCM2,V2,logtSCM2,0,47,487.12,536.7
15,V2_logtWTKG,V2,logtWTKG,0,1,487.12,536.7
15,V2_tSCRMGDL,V2,tSCRMGDL,0,3,487.12,536.7
16,Cl_ANTU,Cl,ANTU,0,22,489.57,539.15
16,Cl_LLP,Cl,LLP,0,42,489.57,539.15
16,Cl_LMP,Cl,LMP,1,58,489.57,539.15
16,Cl_SEXF,Cl,SEXF,0,59,489.57,539.15
16,Cl_logtAGEA,Cl,logtAGEA,0,23,489.57,539.15
16,Cl_logtALBGDL,Cl,logtALBGDL,0,52,489.57,539.15
16,Cl_logtCLCRMLMIN,Cl,logtCLCRMLMIN,0,13,489.57,539.15
16,Cl_logtHCM,Cl,logtHCM,0,40,489.57,539.15
16,Cl_logtIMCKGM2,Cl,logtIMCKGM2,0,24,489.57,539.15
16,Cl_logtPROGDL,Cl,logtPROGDL,0,10,489.57,539.15
16,Cl_logtRAL,Cl,logtRAL,0,49,489.57,539.15
16,Cl_logtRAN,Cl,logtRAN,0,17,489.57,539.15
16,Cl_logtSCM2,Cl,logtSCM2,0,32,489.57,539.15
16,Cl_logtWTKG,Cl,logtWTKG,1,8,489.57,539.15
16,Cl_tSCRMGDL,Cl,tSCRMGDL,1,9,489.57,539.15
16,V1_ANTU,V1,ANTU,0,50,489.57,539.15
16,V1_LLP,V1,LLP,0,45,489.57,539.15
16,V1_LMP,V1,LMP,0,12,489.57,539.15
16,V1_SEXF,V1,SEXF,0,20,489.57,539.15
16,V1_logtAGEA,V1,logtAGEA,0,16,489.57,539.15
16,V1_logtALBGDL,V1,logtALBGDL,0,57,489.57,539.15
16,V1_logtCLCRMLMIN,V1,logtCLCRMLMIN,0,30,489.57,539.15
16,V1_logtHCM,V1,logtHCM,0,33,489.57,539.15
16,V1_logtIMCKGM2,V1,logtIMCKGM2,0,15,489.57,539.15
16,V1_logtPROGDL,V1,logtPROGDL,0,19,489.57,539.15
16,V1_logtRAL,V1,logtRAL,0,36,489.57,539.15
16,V1_logtRAN,V1,logtRAN,0,34,489.57,539.15
16,V1_logtSCM2,V1,logtSCM2,0,35,489.57,539.15
16,V1_logtWTKG,V1,logtWTKG,0,54,489.57,539.15
16,V1_tSCRMGDL,V1,tSCRMGDL,1,5,489.57,539.15
16,Q_ANTU,Q,ANTU,0,51,489.57,539.15
16,Q_LLP,Q,LLP,0,48,489.57,539.15
16,Q_LMP,Q,LMP,0,14,489.57,539.15
16,Q_SEXF,Q,SEXF,0,38,489.57,539.15
16,Q_logtAGEA,Q,logtAGEA,0,4,489.57,539.15
16,Q_logtALBGDL,Q,logtALBGDL,0,56,489.57,539.15
16,Q_logtCLCRMLMIN,Q,logtCLCRMLMIN,0,26,489.57,539.15
16,Q_logtHCM,Q,logtHCM,0,43,489.57,539.15
16,Q_logtIMCKGM2,Q,logtIMCKGM2,1,7,489.57,539.15
16,Q_logtPROGDL,Q,logtPROGDL,0,25,489.57,539.15
16,Q_logtRAL,Q,logtRAL,0,27,489.57,539.15
16,Q_logtRAN,Q,logtRAN,0,46,489.57,539.15
16,Q_logtSCM2,Q,logtSCM2,0,6,489.57,539.15
16,Q_logtWTKG,Q,logtWTKG,0,39,489.57,539.15
16,Q_tSCRMGDL,Q,tSCRMGDL,0,37,489.57,539.15
16,V2_ANTU,V2,ANTU,0,55,489.57,539.15
16,V2_LLP,V2,LLP,0,53,489.57,539.15
16,V2_LMP,V2,LMP,0,21,489.57,539.15
16,V2_SEXF,V2,SEXF,1,2,489.57,539.15
16,V2_logtAGEA,V2,logtAGEA,0,60,489.57,539.15
16,V2_logtALBGDL,V2,logtALBGDL,0,31,489.57,539.15
16,V2_logtCLCRMLMIN,V2,logtCLCRMLMIN,0,29,489.57,539.15
16,V2_logtHCM,V2,logtHCM,0,18,489.57,539.15
16,V2_logtIMCKGM2,V2,logtIMCKGM2,0,44,489.57,539.15
16,V2_logtPROGDL,V2,logtPROGDL,0,41,489.57,539.15
16,V2_logtRAL,V2,logtRAL,0,11,489.57,539.15
16,V2_logtRAN,V2,logtRAN,0,28,489.57,539.15
16,V2_logtSCM2,V2,logtSCM2,0,47,489.57,539.15
16,V2_logtWTKG,V2,logtWTKG,0,1,489.57,539.15
16,V2_tSCRMGDL,V2,tSCRMGDL,0,3,489.57,539.15
17,Cl_ANTU,Cl,ANTU,0,22,477.53,532.53
17,Cl_LLP,Cl,LLP,0,42,477.53,532.53
17,Cl_LMP,Cl,LMP,1,58,477.53,532.53
17,Cl_SEXF,Cl,SEXF,0,59,477.53,532.53
17,Cl_logtAGEA,Cl,logtAGEA,0,23,477.53,532.53
17,Cl_logtALBGDL,Cl,logtALBGDL,0,52,477.53,532.53
17,Cl_logtCLCRMLMIN,Cl,logtCLCRMLMIN,0,13,477.53,532.53
17,Cl_logtHCM,Cl,logtHCM,0,40,477.53,532.53
17,Cl_logtIMCKGM2,Cl,logtIMCKGM2,0,24,477.53,532.53
17,Cl_logtPROGDL,Cl,logtPROGDL,0,10,477.53,532.53
17,Cl_logtRAL,Cl,logtRAL,0,49,477.53,532.53
17,Cl_logtRAN,Cl,logtRAN,0,17,477.53,532.53
17,Cl_logtSCM2,Cl,logtSCM2,0,32,477.53,532.53
17,Cl_logtWTKG,Cl,logtWTKG,1,8,477.53,532.53
17,Cl_tSCRMGDL,Cl,tSCRMGDL,1,9,477.53,532.53
17,V1_ANTU,V1,ANTU,0,50,477.53,532.53
17,V1_LLP,V1,LLP,0,45,477.53,532.53
17,V1_LMP,V1,LMP,0,12,477.53,532.53
17,V1_SEXF,V1,SEXF,0,20,477.53,532.53
17,V1_logtAGEA,V1,logtAGEA,0,16,477.53,532.53
17,V1_logtALBGDL,V1,logtALBGDL,0,57,477.53,532.53
17,V1_logtCLCRMLMIN,V1,logtCLCRMLMIN,0,30,477.53,532.53
17,V1_logtHCM,V1,logtHCM,0,33,477.53,532.53
17,V1_logtIMCKGM2,V1,logtIMCKGM2,0,15,477.53,532.53
17,V1_logtPROGDL,V1,logtPROGDL,1,19,477.53,532.53
17,V1_logtRAL,V1,logtRAL,0,36,477.53,532.53
17,V1_logtRAN,V1,logtRAN,0,34,477.53,532.53
17,V1_logtSCM2,V1,logtSCM2,0,35,477.53,532.53
17,V1_logtWTKG,V1,logtWTKG,0,54,477.53,532.53
17,V1_tSCRMGDL,V1,tSCRMGDL,1,5,477.53,532.53
17,Q_ANTU,Q,ANTU,0,51,477.53,532.53
17,Q_LLP,Q,LLP,0,48,477.53,532.53
17,Q_LMP,Q,LMP,0,14,477.53,532.53
17,Q_SEXF,Q,SEXF,0,38,477.53,532.53
17,Q_logtAGEA,Q,logtAGEA,0,4,477.53,532.53
17,Q_logtALBGDL,Q,logtALBGDL,0,56,477.53,532.53
17,Q_logtCLCRMLMIN,Q,logtCLCRMLMIN,0,26,477.53,532.53
17,Q_logtHCM,Q,logtHCM,0,43,477.53,532.53
17,Q_logtIMCKGM2,Q,logtIMCKGM2,1,7,477.53,532.53
17,Q_logtPROGDL,Q,logtPROGDL,0,25,477.53,532.53
17,Q_logtRAL,Q,logtRAL,1,27,477.53,532.53
17,Q_logtRAN,Q,logtRAN,0,46,477.53,532.53
17,Q_logtSCM2,Q,logtSCM2,0,6,477.53,532.53
17,Q_logtWTKG,Q,logtWTKG,0,39,477.53,532.53
17,Q_tSCRMGDL,Q,tSCRMGDL,0,37,477.53,532.53
17,V2_ANTU,V2,ANTU,0,55,477.53,532.53
17,V2_LLP,V2,LLP,0,53,477.53,532.53
17,V2_LMP,V2,LMP,0,21,477.53,532.53
17,V2_SEXF,V2,SEXF,1,2,477.53,532.53
17,V2_logtAGEA,V2,logtAGEA,0,60,477.53,532.53
17,V2_logtALBGDL,V2,logtALBGDL,0,31,477.53,532.53
17,V2_logtCLCRMLMIN,V2,logtCLCRMLMIN,0,29,477.53,532.53
17,V2_logtHCM,V2,logtHCM,0,18,477.53,532.53
17,V2_logtIMCKGM2,V2,logtIMCKGM2,0,44,477.53,532.53
17,V2_logtPROGDL,V2,logtPROGDL,0,41,477.53,532.53
17,V2_logtRAL,V2,logtRAL,0,11,477.53,532.53
17,V2_logtRAN,V2,logtRAN,0,28,477.53,532.53
17,V2_logtSCM2,V2,logtSCM2,0,47,477.53,532.53
17,V2_logtWTKG,V2,logtWTKG,0,1,477.53,532.53
17,V2_tSCRMGDL,V2,tSCRMGDL,0,3,477.53,532.53
18,Cl_ANTU,Cl,ANTU,0,22,477.78,532.77
18,Cl_LLP,Cl,LLP,0,42,477.78,532.77
18,Cl_LMP,Cl,LMP,1,58,477.78,532.77
18,Cl_SEXF,Cl,SEXF,0,59,477.78,532.77
18,Cl_logtAGEA,Cl,logtAGEA,0,23,477.78,532.77
18,Cl_logtALBGDL,Cl,logtALBGDL,0,52,477.78,532.77
18,Cl_logtCLCRMLMIN,Cl,logtCLCRMLMIN,0,13,477.78,532.77
18,Cl_logtHCM,Cl,logtHCM,0,40,477.78,532.77
18,Cl_logtIMCKGM2,Cl,logtIMCKGM2,0,24,477.78,532.77
18,Cl_logtPROGDL,Cl,logtPROGDL,0,10,477.78,532.77
18,Cl_logtRAL,Cl,logtRAL,0,49,477.78,532.77
18,Cl_logtRAN,Cl,logtRAN,0,17,477.78,532.77
18,Cl_logtSCM2,Cl,logtSCM2,0,32,477.78,532.77
18,Cl_logtWTKG,Cl,logtWTKG,1,8,477.78,532.77
18,Cl_tSCRMGDL,Cl,tSCRMGDL,1,9,477.78,532.77
18,V1_ANTU,V1,ANTU,0,50,477.78,532.77
18,V1_LLP,V1,LLP,0,45,477.78,532.77
18,V1_LMP,V1,LMP,0,12,477.78,532.77
18,V1_SEXF,V1,SEXF,0,20,477.78,532.77
18,V1_logtAGEA,V1,logtAGEA,0,16,477.78,532.77
18,V1_logtALBGDL,V1,logtALBGDL,0,57,477.78,532.77
18,V1_logtCLCRMLMIN,V1,logtCLCRMLMIN,0,30,477.78,532.77
18,V1_logtHCM,V1,logtHCM,0,33,477.78,532.77
18,V1_logtIMCKGM2,V1,logtIMCKGM2,0,15,477.78,532.77
18,V1_logtPROGDL,V1,logtPROGDL,1,19,477.78,532.77
18,V1_logtRAL,V1,logtRAL,0,36,477.78,532.77
18,V1_logtRAN,V1,logtRAN,0,34,477.78,532.77
18,V1_logtSCM2,V1,logtSCM2,0,35,477.78,532.77
18,V1_logtWTKG,V1,logtWTKG,0,54,477.78,532.77
18,V1_tSCRMGDL,V1,tSCRMGDL,1,5,477.78,532.77
18,Q_ANTU,Q,ANTU,0,51,477.78,532.77
18,Q_LLP,Q,LLP,0,48,477.78,532.77
18,Q_LMP,Q,LMP,0,14,477.78,532.77
18,Q_SEXF,Q,SEXF,0,38,477.78,532.77
18,Q_logtAGEA,Q,logtAGEA,0,4,477.78,532.77
18,Q_logtALBGDL,Q,logtALBGDL,0,56,477.78,532.77
18,Q_logtCLCRMLMIN,Q,logtCLCRMLMIN,0,26,477.78,532.77
18,Q_logtHCM,Q,logtHCM,0,43,477.78,532.77
18,Q_logtIMCKGM2,Q,logtIMCKGM2,1,7,477.78,532.77
18,Q_logtPROGDL,Q,logtPROGDL,0,25,477.78,532.77
18,Q_logtRAL,Q,logtRAL,0,27,477.78,532.77
18,Q_logtRAN,Q,logtRAN,0,46,477.78,532.77
18,Q_logtSCM2,Q,logtSCM2,0,6,477.78,532.77
18,Q_logtWTKG,Q,logtWTKG,0,39,477.78,532.77
18,Q_tSCRMGDL,Q,tSCRMGDL,0,37,477.78,532.77
18,V2_ANTU,V2,ANTU,0,55,477.78,532.77
18,V2_LLP,V2,LLP,0,53,477.78,532.77
18,V2_LMP,V2,LMP,0,21,477.78,532.77
18,V2_SEXF,V2,SEXF,1,2,477.78,532.77
18,V2_logtAGEA,V2,logtAGEA,0,60,477.78,532.77
18,V2_logtALBGDL,V2,logtALBGDL,0,31,477.78,532.77
18,V2_logtCLCRMLMIN,V2,logtCLCRMLMIN,0,29,477.78,532.77
18,V2_logtHCM,V2,logtHCM,0,18,477.78,532.77
18,V2_logtIMCKGM2,V2,logtIMCKGM2,0,44,477.78,532.77
18,V2_logtPROGDL,V2,logtPROGDL,1,41,477.78,532.77
18,V2_logtRAL,V2,logtRAL,0,11,477.78,532.77
18,V2_logtRAN,V2,logtRAN,0,28,477.78,532.77
18,V2_logtSCM2,V2,logtSCM2,0,47,477.78,532.77
18,V2_logtWTKG,V2,logtWTKG,0,1,477.78,532.77
18,V2_tSCRMGDL,V2,tSCRMGDL,0,3,477.78,532.77
19,Cl_ANTU,Cl,ANTU,0,22,475.9,530.9
19,Cl_LLP,Cl,LLP,0,42,475.9,530.9
19,Cl_LMP,Cl,LMP,1,58,475.9,530.9
19,Cl_SEXF,Cl,SEXF,0,59,475.9,530.9
19,Cl_logtAGEA,Cl,logtAGEA,0,23,475.9,530.9
19,Cl_logtALBGDL,Cl,logtALBGDL,0,52,475.9,530.9
19,Cl_logtCLCRMLMIN,Cl,logtCLCRMLMIN,0,13,475.9,530.9
19,Cl_logtHCM,Cl,logtHCM,0,40,475.9,530.9
19,Cl_logtIMCKGM2,Cl,logtIMCKGM2,1,24,475.9,530.9
19,Cl_logtPROGDL,Cl,logtPROGDL,0,10,475.9,530.9
19,Cl_logtRAL,Cl,logtRAL,0,49,475.9,530.9
19,Cl_logtRAN,Cl,logtRAN,0,17,475.9,530.9
19,Cl_logtSCM2,Cl,logtSCM2,0,32,475.9,530.9
19,Cl_logtWTKG,Cl,logtWTKG,1,8,475.9,530.9
19,Cl_tSCRMGDL,Cl,tSCRMGDL,1,9,475.9,530.9
19,V1_ANTU,V1,ANTU,0,50,475.9,530.9
19,V1_LLP,V1,LLP,0,45,475.9,530.9
19,V1_LMP,V1,LMP,0,12,475.9,530.9
19,V1_SEXF,V1,SEXF,0,20,475.9,530.9
19,V1_logtAGEA,V1,logtAGEA,0,16,475.9,530.9
19,V1_logtALBGDL,V1,logtALBGDL,0,57,475.9,530.9
19,V1_logtCLCRMLMIN,V1,logtCLCRMLMIN,0,30,475.9,530.9
19,V1_logtHCM,V1,logtHCM,0,33,475.9,530.9
19,V1_logtIMCKGM2,V1,logtIMCKGM2,0,15,475.9,530.9
19,V1_logtPROGDL,V1,logtPROGDL,1,19,475.9,530.9
19,V1_logtRAL,V1,logtRAL,0,36,475.9,530.9
19,V1_logtRAN,V1,logtRAN,0,34,475.9,530.9
19,V1_logtSCM2,V1,logtSCM2,0,35,475.9,530.9
19,V1_logtWTKG,V1,logtWTKG,0,54,475.9,530.9
19,V1_tSCRMGDL,V1,tSCRMGDL,1,5,475.9,530.9
19,Q_ANTU,Q,ANTU,0,51,475.9,530.9
19,Q_LLP,Q,LLP,0,48,475.9,530.9
19,Q_LMP,Q,LMP,0,14,475.9,530.9
19,Q_SEXF,Q,SEXF,0,38,475.9,530.9
19,Q_logtAGEA,Q,logtAGEA,0,4,475.9,530.9
19,Q_logtALBGDL,Q,logtALBGDL,0,56,475.9,530.9
19,Q_logtCLCRMLMIN,Q,logtCLCRMLMIN,0,26,475.9,530.9
19,Q_logtHCM,Q,logtHCM,0,43,475.9,530.9
19,Q_logtIMCKGM2,Q,logtIMCKGM2,1,7,475.9,530.9
19,Q_logtPROGDL,Q,logtPROGDL,0,25,475.9,530.9
19,Q_logtRAL,Q,logtRAL,0,27,475.9,530.9
19,Q_logtRAN,Q,logtRAN,0,46,475.9,530.9
19,Q_logtSCM2,Q,logtSCM2,0,6,475.9,530.9
19,Q_logtWTKG,Q,logtWTKG,0,39,475.9,530.9
19,Q_tSCRMGDL,Q,tSCRMGDL,0,37,475.9,530.9
19,V2_ANTU,V2,ANTU,0,55,475.9,530.9
19,V2_LLP,V2,LLP,0,53,475.9,530.9
19,V2_LMP,V2,LMP,0,21,475.9,530.9
19,V2_SEXF,V2,SEXF,1,2,475.9,530.9
19,V2_logtAGEA,V2,logtAGEA,0,60,475.9,530.9
19,V2_logtALBGDL,V2,logtALBGDL,0,31,475.9,530.9
19,V2_logtCLCRMLMIN,V2,logtCLCRMLMIN,0,29,475.9,530.9
19,V2_logtHCM,V2,logtHCM,0,18,475.9,530.9
19,V2_logtIMCKGM2,V2,logtIMCKGM2,0,44,475.9,530.9
19,V2_logtPROGDL,V2,logtPROGDL,0,41,475.9,530.9
19,V2_logtRAL,V2,logtRAL,0,11,475.9,530.9
19,V2_logtRAN,V2,logtRAN,0,28,475.9,530.9
19,V2_logtSCM2,V2,logtSCM2,0,47,475.9,530.9
19,V2_logtWTKG,V2,logtWTKG,0,1,475.9,530.9
19,V2_tSCRMGDL,V2,tSCRMGDL,0,3,475.9,530.9
20,Cl_ANTU,Cl,ANTU,0,22,481.89,534.17
20,Cl_LLP,Cl,LLP,0,42,481.89,534.17
20,Cl_LMP,Cl,LMP,1,58,481.89,534.17
20,Cl_SEXF,Cl,SEXF,0,59,481.89,534.17
20,Cl_logtAGEA,Cl,logtAGEA,0,23,481.89,534.17
20,Cl_logtALBGDL,Cl,logtALBGDL,0,52,481.89,534.17
20,Cl_logtCLCRMLMIN,Cl,logtCLCRMLMIN,0,13,481.89,534.17
20,Cl_logtHCM,Cl,logtHCM,0,40,481.89,534.17
20,Cl_logtIMCKGM2,Cl,logtIMCKGM2,1,24,481.89,534.17
20,Cl_logtPROGDL,Cl,logtPROGDL,0,10,481.89,534.17
20,Cl_logtRAL,Cl,logtRAL,0,49,481.89,534.17
20,Cl_logtRAN,Cl,logtRAN,0,17,481.89,534.17
20,Cl_logtSCM2,Cl,logtSCM2,0,32,481.89,534.17
20,Cl_logtWTKG,Cl,logtWTKG,1,8,481.89,534.17
20,Cl_tSCRMGDL,Cl,tSCRMGDL,1,9,481.89,534.17
20,V1_ANTU,V1,ANTU,0,50,481.89,534.17
20,V1_LLP,V1,LLP,0,45,481.89,534.17
20,V1_LMP,V1,LMP,0,12,481.89,534.17
20,V1_SEXF,V1,SEXF,0,20,481.89,534.17
20,V1_logtAGEA,V1,logtAGEA,0,16,481.89,534.17
20,V1_logtALBGDL,V1,logtALBGDL,0,57,481.89,534.17
20,V1_logtCLCRMLMIN,V1,logtCLCRMLMIN,0,30,481.89,534.17
20,V1_logtHCM,V1,logtHCM,0,33,481.89,534.17
20,V1_logtIMCKGM2,V1,logtIMCKGM2,0,15,481.89,534.17
20,V1_logtPROGDL,V1,logtPROGDL,1,19,481.89,534.17
20,V1_logtRAL,V1,logtRAL,0,36,481.89,534.17
20,V1_logtRAN,V1,logtRAN,0,34,481.89,534.17
20,V1_logtSCM2,V1,logtSCM2,0,35,481.89,534.17
20,V1_logtWTKG,V1,logtWTKG,0,54,481.89,534.17
20,V1_tSCRMGDL,V1,tSCRMGDL,0,5,481.89,534.17
20,Q_ANTU,Q,ANTU,0,51,481.89,534.17
20,Q_LLP,Q,LLP,0,48,481.89,534.17
20,Q_LMP,Q,LMP,0,14,481.89,534.17
20,Q_SEXF,Q,SEXF,0,38,481.89,534.17
20,Q_logtAGEA,Q,logtAGEA,0,4,481.89,534.17
20,Q_logtALBGDL,Q,logtALBGDL,0,56,481.89,534.17
20,Q_logtCLCRMLMIN,Q,logtCLCRMLMIN,0,26,481.89,534.17
20,Q_logtHCM,Q,logtHCM,0,43,481.89,534.17
20,Q_logtIMCKGM2,Q,logtIMCKGM2,1,7,481.89,534.17
20,Q_logtPROGDL,Q,logtPROGDL,0,25,481.89,534.17
20,Q_logtRAL,Q,logtRAL,0,27,481.89,534.17
20,Q_logtRAN,Q,logtRAN,0,46,481.89,534.17
20,Q_logtSCM2,Q,logtSCM2,0,6,481.89,534.17
20,Q_logtWTKG,Q,logtWTKG,0,39,481.89,534.17
20,Q_tSCRMGDL,Q,tSCRMGDL,0,37,481.89,534.17
20,V2_ANTU,V2,ANTU,0,55,481.89,534.17
20,V2_LLP,V2,LLP,0,53,481.89,534.17
20,V2_LMP,V2,LMP,0,21,481.89,534.17
20,V2_SEXF,V2,SEXF,1,2,481.89,534.17
20,V2_logtAGEA,V2,logtAGEA,0,60,481.89,534.17
20,V2_logtALBGDL,V2,logtALBGDL,0,31,481.89,534.17
20,V2_logtCLCRMLMIN,V2,logtCLCRMLMIN,0,29,481.89,534.17
20,V2_logtHCM,V2,logtHCM,0,18,481.89,534.17
20,V2_logtIMCKGM2,V2,logtIMCKGM2,0,44,481.89,534.17
20,V2_logtPROGDL,V2,logtPROGDL,0,41,481.89,534.17
20,V2_logtRAL,V2,logtRAL,0,11,481.89,534.17
20,V2_logtRAN,V2,logtRAN,0,28,481.89,534.17
20,V2_logtSCM2,V2,logtSCM2,0,47,481.89,534.17
20,V2_logtWTKG,V2,logtWTKG,0,1,481.89,534.17
20,V2_tSCRMGDL,V2,tSCRMGDL,0,3,481.89,534.17
21,Cl_ANTU,Cl,ANTU,0,22,483.69,535.98
21,Cl_LLP,Cl,LLP,0,42,483.69,535.98
21,Cl_LMP,Cl,LMP,0,58,483.69,535.98
21,Cl_SEXF,Cl,SEXF,0,59,483.69,535.98
21,Cl_logtAGEA,Cl,logtAGEA,0,23,483.69,535.98
21,Cl_logtALBGDL,Cl,logtALBGDL,0,52,483.69,535.98
21,Cl_logtCLCRMLMIN,Cl,logtCLCRMLMIN,0,13,483.69,535.98
21,Cl_logtHCM,Cl,logtHCM,0,40,483.69,535.98
21,Cl_logtIMCKGM2,Cl,logtIMCKGM2,1,24,483.69,535.98
21,Cl_logtPROGDL,Cl,logtPROGDL,0,10,483.69,535.98
21,Cl_logtRAL,Cl,logtRAL,0,49,483.69,535.98
21,Cl_logtRAN,Cl,logtRAN,0,17,483.69,535.98
21,Cl_logtSCM2,Cl,logtSCM2,0,32,483.69,535.98
21,Cl_logtWTKG,Cl,logtWTKG,1,8,483.69,535.98
21,Cl_tSCRMGDL,Cl,tSCRMGDL,1,9,483.69,535.98
21,V1_ANTU,V1,ANTU,0,50,483.69,535.98
21,V1_LLP,V1,LLP,0,45,483.69,535.98
21,V1_LMP,V1,LMP,0,12,483.69,535.98
21,V1_SEXF,V1,SEXF,0,20,483.69,535.98
21,V1_logtAGEA,V1,logtAGEA,0,16,483.69,535.98
21,V1_logtALBGDL,V1,logtALBGDL,0,57,483.69,535.98
21,V1_logtCLCRMLMIN,V1,logtCLCRMLMIN,0,30,483.69,535.98
21,V1_logtHCM,V1,logtHCM,0,33,483.69,535.98
21,V1_logtIMCKGM2,V1,logtIMCKGM2,0,15,483.69,535.98
21,V1_logtPROGDL,V1,logtPROGDL,1,19,483.69,535.98
21,V1_logtRAL,V1,logtRAL,0,36,483.69,535.98
21,V1_logtRAN,V1,logtRAN,0,34,483.69,535.98
21,V1_logtSCM2,V1,logtSCM2,0,35,483.69,535.98
21,V1_logtWTKG,V1,logtWTKG,0,54,483.69,535.98
21,V1_tSCRMGDL,V1,tSCRMGDL,1,5,483.69,535.98
21,Q_ANTU,Q,ANTU,0,51,483.69,535.98
21,Q_LLP,Q,LLP,0,48,483.69,535.98
21,Q_LMP,Q,LMP,0,14,483.69,535.98
21,Q_SEXF,Q,SEXF,0,38,483.69,535.98
21,Q_logtAGEA,Q,logtAGEA,0,4,483.69,535.98
21,Q_logtALBGDL,Q,logtALBGDL,0,56,483.69,535.98
21,Q_logtCLCRMLMIN,Q,logtCLCRMLMIN,0,26,483.69,535.98
21,Q_logtHCM,Q,logtHCM,0,43,483.69,535.98
21,Q_logtIMCKGM2,Q,logtIMCKGM2,1,7,483.69,535.98
21,Q_logtPROGDL,Q,logtPROGDL,0,25,483.69,535.98
21,Q_logtRAL,Q,logtRAL,0,27,483.69,535.98
21,Q_logtRAN,Q,logtRAN,0,46,483.69,535.98
21,Q_logtSCM2,Q,logtSCM2,0,6,483.69,535.98
21,Q_logtWTKG,Q,logtWTKG,0,39,483.69,535.98
21,Q_tSCRMGDL,Q,tSCRMGDL,0,37,483.69,535.98
21,V2_ANTU,V2,ANTU,0,55,483.69,535.98
21,V2_LLP,V2,LLP,0,53,483.69,535.98
21,V2_LMP,V2,LMP,0,21,483.69,535.98
21,V2_SEXF,V2,SEXF,1,2,483.69,535.98
21,V2_logtAGEA,V2,logtAGEA,0,60,483.69,535.98
21,V2_logtALBGDL,V2,logtALBGDL,0,31,483.69,535.98
21,V2_logtCLCRMLMIN,V2,logtCLCRMLMIN,0,29,483.69,535.98
21,V2_logtHCM,V2,logtHCM,0,18,483.69,535.98
21,V2_logtIMCKGM2,V2,logtIMCKGM2,0,44,483.69,535.98
21,V2_logtPROGDL,V2,logtPROGDL,0,41,483.69,535.98
21,V2_logtRAL,V2,logtRAL,0,11,483.69,535.98
21,V2_logtRAN,V2,logtRAN,0,28,483.69,535.98
21,V2_logtSCM2,V2,logtSCM2,0,47,483.69,535.98
21,V2_logtWTKG,V2,logtWTKG,0,1,483.69,535.98
21,V2_tSCRMGDL,V2,tSCRMGDL,0,3,483.69,535.98
22,Cl_ANTU,Cl,ANTU,0,22,485.99,538.28
22,Cl_LLP,Cl,LLP,0,42,485.99,538.28
22,Cl_LMP,Cl,LMP,1,58,485.99,538.28
22,Cl_SEXF,Cl,SEXF,0,59,485.99,538.28
22,Cl_logtAGEA,Cl,logtAGEA,0,23,485.99,538.28
22,Cl_logtALBGDL,Cl,logtALBGDL,0,52,485.99,538.28
22,Cl_logtCLCRMLMIN,Cl,logtCLCRMLMIN,0,13,485.99,538.28
22,Cl_logtHCM,Cl,logtHCM,0,40,485.99,538.28
22,Cl_logtIMCKGM2,Cl,logtIMCKGM2,1,24,485.99,538.28
22,Cl_logtPROGDL,Cl,logtPROGDL,0,10,485.99,538.28
22,Cl_logtRAL,Cl,logtRAL,0,49,485.99,538.28
22,Cl_logtRAN,Cl,logtRAN,0,17,485.99,538.28
22,Cl_logtSCM2,Cl,logtSCM2,0,32,485.99,538.28
22,Cl_logtWTKG,Cl,logtWTKG,0,8,485.99,538.28
22,Cl_tSCRMGDL,Cl,tSCRMGDL,1,9,485.99,538.28
22,V1_ANTU,V1,ANTU,0,50,485.99,538.28
22,V1_LLP,V1,LLP,0,45,485.99,538.28
22,V1_LMP,V1,LMP,0,12,485.99,538.28
22,V1_SEXF,V1,SEXF,0,20,485.99,538.28
22,V1_logtAGEA,V1,logtAGEA,0,16,485.99,538.28
22,V1_logtALBGDL,V1,logtALBGDL,0,57,485.99,538.28
22,V1_logtCLCRMLMIN,V1,logtCLCRMLMIN,0,30,485.99,538.28
22,V1_logtHCM,V1,logtHCM,0,33,485.99,538.28
22,V1_logtIMCKGM2,V1,logtIMCKGM2,0,15,485.99,538.28
22,V1_logtPROGDL,V1,logtPROGDL,1,19,485.99,538.28
22,V1_logtRAL,V1,logtRAL,0,36,485.99,538.28
22,V1_logtRAN,V1,logtRAN,0,34,485.99,538.28
22,V1_logtSCM2,V1,logtSCM2,0,35,485.99,538.28
22,V1_logtWTKG,V1,logtWTKG,0,54,485.99,538.28
22,V1_tSCRMGDL,V1,tSCRMGDL,1,5,485.99,538.28
22,Q_ANTU,Q,ANTU,0,51,485.99,538.28
22,Q_LLP,Q,LLP,0,48,485.99,538.28
22,Q_LMP,Q,LMP,0,14,485.99,538.28
22,Q_SEXF,Q,SEXF,0,38,485.99,538.28
22,Q_logtAGEA,Q,logtAGEA,0,4,485.99,538.28
22,Q_logtALBGDL,Q,logtALBGDL,0,56,485.99,538.28
22,Q_logtCLCRMLMIN,Q,logtCLCRMLMIN,0,26,485.99,538.28
22,Q_logtHCM,Q,logtHCM,0,43,485.99,538.28
22,Q_logtIMCKGM2,Q,logtIMCKGM2,1,7,485.99,538.28
22,Q_logtPROGDL,Q,logtPROGDL,0,25,485.99,538.28
22,Q_logtRAL,Q,logtRAL,0,27,485.99,538.28
22,Q_logtRAN,Q,logtRAN,0,46,485.99,538.28
22,Q_logtSCM2,Q,logtSCM2,0,6,485.99,538.28
22,Q_logtWTKG,Q,logtWTKG,0,39,485.99,538.28
22,Q_tSCRMGDL,Q,tSCRMGDL,0,37,485.99,538.28
22,V2_ANTU,V2,ANTU,0,55,485.99,538.28
22,V2_LLP,V2,LLP,0,53,485.99,538.28
22,V2_LMP,V2,LMP,0,21,485.99,538.28
22,V2_SEXF,V2,SEXF,1,2,485.99,538.28
22,V2_logtAGEA,V2,logtAGEA,0,60,485.99,538.28
22,V2_logtALBGDL,V2,logtALBGDL,0,31,485.99,538.28
22,V2_logtCLCRMLMIN,V2,logtCLCRMLMIN,0,29,485.99,538.28
22,V2_logtHCM,V2,logtHCM,0,18,485.99,538.28
22,V2_logtIMCKGM2,V2,logtIMCKGM2,0,44,485.99,538.28
22,V2_logtPROGDL,V2,logtPROGDL,0,41,485.99,538.28
22,V2_logtRAL,V2,logtRAL,0,11,485.99,538.28
22,V2_logtRAN,V2,logtRAN,0,28,485.99,538.28
22,V2_logtSCM2,V2,logtSCM2,0,47,485.99,538.28
22,V2_logtWTKG,V2,logtWTKG,0,1,485.99,538.28
22,V2_tSCRMGDL,V2,tSCRMGDL,0,3,485.99,538.28
23,Cl_ANTU,Cl,ANTU,0,22,486.51,538.8
23,Cl_LLP,Cl,LLP,0,42,486.51,538.8
23,Cl_LMP,Cl,LMP,1,58,486.51,538.8
23,Cl_SEXF,Cl,SEXF,0,59,486.51,538.8
23,Cl_logtAGEA,Cl,logtAGEA,0,23,486.51,538.8
23,Cl_logtALBGDL,Cl,logtALBGDL,0,52,486.51,538.8
23,Cl_logtCLCRMLMIN,Cl,logtCLCRMLMIN,0,13,486.51,538.8
23,Cl_logtHCM,Cl,logtHCM,0,40,486.51,538.8
23,Cl_logtIMCKGM2,Cl,logtIMCKGM2,1,24,486.51,538.8
23,Cl_logtPROGDL,Cl,logtPROGDL,0,10,486.51,538.8
23,Cl_logtRAL,Cl,logtRAL,0,49,486.51,538.8
23,Cl_logtRAN,Cl,logtRAN,0,17,486.51,538.8
23,Cl_logtSCM2,Cl,logtSCM2,0,32,486.51,538.8
23,Cl_logtWTKG,Cl,logtWTKG,1,8,486.51,538.8
23,Cl_tSCRMGDL,Cl,tSCRMGDL,1,9,486.51,538.8
23,V1_ANTU,V1,ANTU,0,50,486.51,538.8
23,V1_LLP,V1,LLP,0,45,486.51,538.8
23,V1_LMP,V1,LMP,0,12,486.51,538.8
23,V1_SEXF,V1,SEXF,0,20,486.51,538.8
23,V1_logtAGEA,V1,logtAGEA,0,16,486.51,538.8
23,V1_logtALBGDL,V1,logtALBGDL,0,57,486.51,538.8
23,V1_logtCLCRMLMIN,V1,logtCLCRMLMIN,0,30,486.51,538.8
23,V1_logtHCM,V1,logtHCM,0,33,486.51,538.8
23,V1_logtIMCKGM2,V1,logtIMCKGM2,0,15,486.51,538.8
23,V1_logtPROGDL,V1,logtPROGDL,0,19,486.51,538.8
23,V1_logtRAL,V1,logtRAL,0,36,486.51,538.8
23,V1_logtRAN,V1,logtRAN,0,34,486.51,538.8
23,V1_logtSCM2,V1,logtSCM2,0,35,486.51,538.8
23,V1_logtWTKG,V1,logtWTKG,0,54,486.51,538.8
23,V1_tSCRMGDL,V1,tSCRMGDL,1,5,486.51,538.8
23,Q_ANTU,Q,ANTU,0,51,486.51,538.8
23,Q_LLP,Q,LLP,0,48,486.51,538.8
23,Q_LMP,Q,LMP,0,14,486.51,538.8
23,Q_SEXF,Q,SEXF,0,38,486.51,538.8
23,Q_logtAGEA,Q,logtAGEA,0,4,486.51,538.8
23,Q_logtALBGDL,Q,logtALBGDL,0,56,486.51,538.8
23,Q_logtCLCRMLMIN,Q,logtCLCRMLMIN,0,26,486.51,538.8
23,Q_logtHCM,Q,logtHCM,0,43,486.51,538.8
23,Q_logtIMCKGM2,Q,logtIMCKGM2,1,7,486.51,538.8
23,Q_logtPROGDL,Q,logtPROGDL,0,25,486.51,538.8
23,Q_logtRAL,Q,logtRAL,0,27,486.51,538.8
23,Q_logtRAN,Q,logtRAN,0,46,486.51,538.8
23,Q_logtSCM2,Q,logtSCM2,0,6,486.51,538.8
23,Q_logtWTKG,Q,logtWTKG,0,39,486.51,538.8
23,Q_tSCRMGDL,Q,tSCRMGDL,0,37,486.51,538.8
23,V2_ANTU,V2,ANTU,0,55,486.51,538.8
23,V2_LLP,V2,LLP,0,53,486.51,538.8
23,V2_LMP,V2,LMP,0,21,486.51,538.8
23,V2_SEXF,V2,SEXF,1,2,486.51,538.8
23,V2_logtAGEA,V2,logtAGEA,0,60,486.51,538.8
23,V2_logtALBGDL,V2,logtALBGDL,0,31,486.51,538.8
23,V2_logtCLCRMLMIN,V2,logtCLCRMLMIN,0,29,486.51,538.8
23,V2_logtHCM,V2,logtHCM,0,18,486.51,538.8
23,V2_logtIMCKGM2,V2,logtIMCKGM2,0,44,486.51,538.8
23,V2_logtPROGDL,V2,logtPROGDL,0,41,486.51,538.8
23,V2_logtRAL,V2,logtRAL,0,11,486.51,538.8
23,V2_logtRAN,V2,logtRAN,0,28,486.51,538.8
23,V2_logtSCM2,V2,logtSCM2,0,47,486.51,538.8
23,V2_logtWTKG,V2,logtWTKG,0,1,486.51,538.8
23,V2_tSCRMGDL,V2,tSCRMGDL,0,3,486.51,538.8
24,Cl_ANTU,Cl,ANTU,0,22,473.72,531.42
24,Cl_LLP,Cl,LLP,0,42,473.72,531.42
24,Cl_LMP,Cl,LMP,1,58,473.72,531.42
24,Cl_SEXF,Cl,SEXF,0,59,473.72,531.42
24,Cl_logtAGEA,Cl,logtAGEA,0,23,473.72,531.42
24,Cl_logtALBGDL,Cl,logtALBGDL,0,52,473.72,531.42
24,Cl_logtCLCRMLMIN,Cl,logtCLCRMLMIN,0,13,473.72,531.42
24,Cl_logtHCM,Cl,logtHCM,0,40,473.72,531.42
24,Cl_logtIMCKGM2,Cl,logtIMCKGM2,1,24,473.72,531.42
24,Cl_logtPROGDL,Cl,logtPROGDL,0,10,473.72,531.42
24,Cl_logtRAL,Cl,logtRAL,0,49,473.72,531.42
24,Cl_logtRAN,Cl,logtRAN,0,17,473.72,531.42
24,Cl_logtSCM2,Cl,logtSCM2,0,32,473.72,531.42
24,Cl_logtWTKG,Cl,logtWTKG,1,8,473.72,531.42
24,Cl_tSCRMGDL,Cl,tSCRMGDL,1,9,473.72,531.42
24,V1_ANTU,V1,ANTU,0,50,473.72,531.42
24,V1_LLP,V1,LLP,0,45,473.72,531.42
24,V1_LMP,V1,LMP,0,12,473.72,531.42
24,V1_SEXF,V1,SEXF,0,20,473.72,531.42
24,V1_logtAGEA,V1,logtAGEA,0,16,473.72,531.42
24,V1_logtALBGDL,V1,logtALBGDL,0,57,473.72,531.42
24,V1_logtCLCRMLMIN,V1,logtCLCRMLMIN,0,30,473.72,531.42
24,V1_logtHCM,V1,logtHCM,0,33,473.72,531.42
24,V1_logtIMCKGM2,V1,logtIMCKGM2,0,15,473.72,531.42
24,V1_logtPROGDL,V1,logtPROGDL,1,19,473.72,531.42
24,V1_logtRAL,V1,logtRAL,0,36,473.72,531.42
24,V1_logtRAN,V1,logtRAN,0,34,473.72,531.42
24,V1_logtSCM2,V1,logtSCM2,0,35,473.72,531.42
24,V1_logtWTKG,V1,logtWTKG,0,54,473.72,531.42
24,V1_tSCRMGDL,V1,tSCRMGDL,1,5,473.72,531.42
24,Q_ANTU,Q,ANTU,0,51,473.72,531.42
24,Q_LLP,Q,LLP,0,48,473.72,531.42
24,Q_LMP,Q,LMP,0,14,473.72,531.42
24,Q_SEXF,Q,SEXF,0,38,473.72,531.42
24,Q_logtAGEA,Q,logtAGEA,0,4,473.72,531.42
24,Q_logtALBGDL,Q,logtALBGDL,0,56,473.72,531.42
24,Q_logtCLCRMLMIN,Q,logtCLCRMLMIN,0,26,473.72,531.42
24,Q_logtHCM,Q,logtHCM,0,43,473.72,531.42
24,Q_logtIMCKGM2,Q,logtIMCKGM2,1,7,473.72,531.42
24,Q_logtPROGDL,Q,logtPROGDL,0,25,473.72,531.42
24,Q_logtRAL,Q,logtRAL,1,27,473.72,531.42
24,Q_logtRAN,Q,logtRAN,0,46,473.72,531.42
24,Q_logtSCM2,Q,logtSCM2,0,6,473.72,531.42
24,Q_logtWTKG,Q,logtWTKG,0,39,473.72,531.42
24,Q_tSCRMGDL,Q,tSCRMGDL,0,37,473.72,531.42
24,V2_ANTU,V2,ANTU,0,55,473.72,531.42
24,V2_LLP,V2,LLP,0,53,473.72,531.42
24,V2_LMP,V2,LMP,0,21,473.72,531.42
24,V2_SEXF,V2,SEXF,1,2,473.72,531.42
24,V2_logtAGEA,V2,logtAGEA,0,60,473.72,531.42
24,V2_logtALBGDL,V2,logtALBGDL,0,31,473.72,531.42
24,V2_logtCLCRMLMIN,V2,logtCLCRMLMIN,0,29,473.72,531.42
24,V2_logtHCM,V2,logtHCM,0,18,473.72,531.42
24,V2_logtIMCKGM2,V2,logtIMCKGM2,0,44,473.72,531.42
24,V2_logtPROGDL,V2,logtPROGDL,0,41,473.72,531.42
24,V2_logtRAL,V2,logtRAL,0,11,473.72,531.42
24,V2_logtRAN,V2,logtRAN,0,28,473.72,531.42
24,V2_logtSCM2,V2,logtSCM2,0,47,473.72,531.42
24,V2_logtWTKG,V2,logtWTKG,0,1,473.72,531.42
24,V2_tSCRMGDL,V2,tSCRMGDL,0,3,473.72,531.42
25,Cl_ANTU,Cl,ANTU,0,22,475.15,532.85
25,Cl_LLP,Cl,LLP,0,42,475.15,532.85
25,Cl_LMP,Cl,LMP,1,58,475.15,532.85
25,Cl_SEXF,Cl,SEXF,0,59,475.15,532.85
25,Cl_logtAGEA,Cl,logtAGEA,0,23,475.15,532.85
25,Cl_logtALBGDL,Cl,logtALBGDL,0,52,475.15,532.85
25,Cl_logtCLCRMLMIN,Cl,logtCLCRMLMIN,0,13,475.15,532.85
25,Cl_logtHCM,Cl,logtHCM,0,40,475.15,532.85
25,Cl_logtIMCKGM2,Cl,logtIMCKGM2,1,24,475.15,532.85
25,Cl_logtPROGDL,Cl,logtPROGDL,0,10,475.15,532.85
25,Cl_logtRAL,Cl,logtRAL,0,49,475.15,532.85
25,Cl_logtRAN,Cl,logtRAN,1,17,475.15,532.85
25,Cl_logtSCM2,Cl,logtSCM2,0,32,475.15,532.85
25,Cl_logtWTKG,Cl,logtWTKG,1,8,475.15,532.85
25,Cl_tSCRMGDL,Cl,tSCRMGDL,1,9,475.15,532.85
25,V1_ANTU,V1,ANTU,0,50,475.15,532.85
25,V1_LLP,V1,LLP,0,45,475.15,532.85
25,V1_LMP,V1,LMP,0,12,475.15,532.85
25,V1_SEXF,V1,SEXF,0,20,475.15,532.85
25,V1_logtAGEA,V1,logtAGEA,0,16,475.15,532.85
25,V1_logtALBGDL,V1,logtALBGDL,0,57,475.15,532.85
25,V1_logtCLCRMLMIN,V1,logtCLCRMLMIN,0,30,475.15,532.85
25,V1_logtHCM,V1,logtHCM,0,33,475.15,532.85
25,V1_logtIMCKGM2,V1,logtIMCKGM2,0,15,475.15,532.85
25,V1_logtPROGDL,V1,logtPROGDL,1,19,475.15,532.85
25,V1_logtRAL,V1,logtRAL,0,36,475.15,532.85
25,V1_logtRAN,V1,logtRAN,0,34,475.15,532.85
25,V1_logtSCM2,V1,logtSCM2,0,35,475.15,532.85
25,V1_logtWTKG,V1,logtWTKG,0,54,475.15,532.85
25,V1_tSCRMGDL,V1,tSCRMGDL,1,5,475.15,532.85
25,Q_ANTU,Q,ANTU,0,51,475.15,532.85
25,Q_LLP,Q,LLP,0,48,475.15,532.85
25,Q_LMP,Q,LMP,0,14,475.15,532.85
25,Q_SEXF,Q,SEXF,0,38,475.15,532.85
25,Q_logtAGEA,Q,logtAGEA,0,4,475.15,532.85
25,Q_logtALBGDL,Q,logtALBGDL,0,56,475.15,532.85
25,Q_logtCLCRMLMIN,Q,logtCLCRMLMIN,0,26,475.15,532.85
25,Q_logtHCM,Q,logtHCM,0,43,475.15,532.85
25,Q_logtIMCKGM2,Q,logtIMCKGM2,1,7,475.15,532.85
25,Q_logtPROGDL,Q,logtPROGDL,0,25,475.15,532.85
25,Q_logtRAL,Q,logtRAL,0,27,475.15,532.85
25,Q_logtRAN,Q,logtRAN,0,46,475.15,532.85
25,Q_logtSCM2,Q,logtSCM2,0,6,475.15,532.85
25,Q_logtWTKG,Q,logtWTKG,0,39,475.15,532.85
25,Q_tSCRMGDL,Q,tSCRMGDL,0,37,475.15,532.85
25,V2_ANTU,V2,ANTU,0,55,475.15,532.85
25,V2_LLP,V2,LLP,0,53,475.15,532.85
25,V2_LMP,V2,LMP,0,21,475.15,532.85
25,V2_SEXF,V2,SEXF,1,2,475.15,532.85
25,V2_logtAGEA,V2,logtAGEA,0,60,475.15,532.85
25,V2_logtALBGDL,V2,logtALBGDL,0,31,475.15,532.85
25,V2_logtCLCRMLMIN,V2,logtCLCRMLMIN,0,29,475.15,532.85
25,V2_logtHCM,V2,logtHCM,0,18,475.15,532.85
25,V2_logtIMCKGM2,V2,logtIMCKGM2,0,44,475.15,532.85
25,V2_logtPROGDL,V2,logtPROGDL,0,41,475.15,532.85
25,V2_logtRAL,V2,logtRAL,0,11,475.15,532.85
25,V2_logtRAN,V2,logtRAN,0,28,475.15,532.85
25,V2_logtSCM2,V2,logtSCM2,0,47,475.15,532.85
25,V2_logtWTKG,V2,logtWTKG,0,1,475.15,532.85
25,V2_tSCRMGDL,V2,tSCRMGDL,0,3,475.15,532.85
26,Cl_ANTU,Cl,ANTU,0,22,475.35,533.05
26,Cl_LLP,Cl,LLP,0,42,475.35,533.05
26,Cl_LMP,Cl,LMP,1,58,475.35,533.05
26,Cl_SEXF,Cl,SEXF,0,59,475.35,533.05
26,Cl_logtAGEA,Cl,logtAGEA,0,23,475.35,533.05
26,Cl_logtALBGDL,Cl,logtALBGDL,0,52,475.35,533.05
26,Cl_logtCLCRMLMIN,Cl,logtCLCRMLMIN,0,13,475.35,533.05
26,Cl_logtHCM,Cl,logtHCM,0,40,475.35,533.05
26,Cl_logtIMCKGM2,Cl,logtIMCKGM2,1,24,475.35,533.05
26,Cl_logtPROGDL,Cl,logtPROGDL,0,10,475.35,533.05
26,Cl_logtRAL,Cl,logtRAL,0,49,475.35,533.05
26,Cl_logtRAN,Cl,logtRAN,0,17,475.35,533.05
26,Cl_logtSCM2,Cl,logtSCM2,0,32,475.35,533.05
26,Cl_logtWTKG,Cl,logtWTKG,1,8,475.35,533.05
26,Cl_tSCRMGDL,Cl,tSCRMGDL,1,9,475.35,533.05
26,V1_ANTU,V1,ANTU,0,50,475.35,533.05
26,V1_LLP,V1,LLP,0,45,475.35,533.05
26,V1_LMP,V1,LMP,0,12,475.35,533.05
26,V1_SEXF,V1,SEXF,0,20,475.35,533.05
26,V1_logtAGEA,V1,logtAGEA,0,16,475.35,533.05
26,V1_logtALBGDL,V1,logtALBGDL,0,57,475.35,533.05
26,V1_logtCLCRMLMIN,V1,logtCLCRMLMIN,0,30,475.35,533.05
26,V1_logtHCM,V1,logtHCM,0,33,475.35,533.05
26,V1_logtIMCKGM2,V1,logtIMCKGM2,0,15,475.35,533.05
26,V1_logtPROGDL,V1,logtPROGDL,1,19,475.35,533.05
26,V1_logtRAL,V1,logtRAL,0,36,475.35,533.05
26,V1_logtRAN,V1,logtRAN,0,34,475.35,533.05
26,V1_logtSCM2,V1,logtSCM2,0,35,475.35,533.05
26,V1_logtWTKG,V1,logtWTKG,0,54,475.35,533.05
26,V1_tSCRMGDL,V1,tSCRMGDL,1,5,475.35,533.05
26,Q_ANTU,Q,ANTU,0,51,475.35,533.05
26,Q_LLP,Q,LLP,0,48,475.35,533.05
26,Q_LMP,Q,LMP,0,14,475.35,533.05
26,Q_SEXF,Q,SEXF,0,38,475.35,533.05
26,Q_logtAGEA,Q,logtAGEA,0,4,475.35,533.05
26,Q_logtALBGDL,Q,logtALBGDL,0,56,475.35,533.05
26,Q_logtCLCRMLMIN,Q,logtCLCRMLMIN,0,26,475.35,533.05
26,Q_logtHCM,Q,logtHCM,0,43,475.35,533.05
26,Q_logtIMCKGM2,Q,logtIMCKGM2,1,7,475.35,533.05
26,Q_logtPROGDL,Q,logtPROGDL,0,25,475.35,533.05
26,Q_logtRAL,Q,logtRAL,0,27,475.35,533.05
26,Q_logtRAN,Q,logtRAN,0,46,475.35,533.05
26,Q_logtSCM2,Q,logtSCM2,0,6,475.35,533.05
26,Q_logtWTKG,Q,logtWTKG,0,39,475.35,533.05
26,Q_tSCRMGDL,Q,tSCRMGDL,0,37,475.35,533.05
26,V2_ANTU,V2,ANTU,0,55,475.35,533.05
26,V2_LLP,V2,LLP,0,53,475.35,533.05
26,V2_LMP,V2,LMP,0,21,475.35,533.05
26,V2_SEXF,V2,SEXF,1,2,475.35,533.05
26,V2_logtAGEA,V2,logtAGEA,0,60,475.35,533.05
26,V2_logtALBGDL,V2,logtALBGDL,0,31,475.35,533.05
26,V2_logtCLCRMLMIN,V2,logtCLCRMLMIN,0,29,475.35,533.05
26,V2_logtHCM,V2,logtHCM,0,18,475.35,533.05
26,V2_logtIMCKGM2,V2,logtIMCKGM2,0,44,475.35,533.05
26,V2_logtPROGDL,V2,logtPROGDL,0,41,475.35,533.05
26,V2_logtRAL,V2,logtRAL,0,11,475.35,533.05
26,V2_logtRAN,V2,logtRAN,0,28,475.35,533.05
26,V2_logtSCM2,V2,logtSCM2,0,47,475.35,533.05
26,V2_logtWTKG,V2,logtWTKG,1,1,475.35,533.05
26,V2_tSCRMGDL,V2,tSCRMGDL,0,3,475.35,533.05
